Drug,Lineage,Percentage of Strains that are Resistant,Number of Resistant Strains,Number of Susceptible Strains,Total Isolates,Number_of_Lineages,Primary Lineage Family
amk,1,0.0,0,1,1,1.0,1
amk,1.1,0.0,0,1,1,1.0,1
amk,1.1.1,0.0,0,3,3,1.0,1
amk,"1.1.1,4.9",0.0,0,1,1,2.0,Multiple
amk,1.1.1.1,0.0,0,3,3,1.0,1
amk,1.1.1.1.1,0.0,0,23,23,1.0,1
amk,"1.1.1.1.1,2.2.1.1.1",0.0,0,3,3,2.0,Multiple
amk,1.1.1.2,0.0,0,25,25,1.0,1
amk,"1.1.1.2,4.2.1.1.1.1.1.1.i2",0.0,0,1,1,2.0,Multiple
amk,"1.1.1.2.i1,2.2.1.1.1.i3",0.0,0,1,1,2.0,Multiple
amk,1.1.2,2.9411764705882355,5,165,170,1.0,1
amk,"1.1.2,2.2.1.1.1",0.0,0,2,2,2.0,Multiple
amk,"1.1.2,4",0.0,0,1,1,2.0,Multiple
amk,1.1.3,0.0,0,31,31,1.0,1
amk,"1.1.3,4.9",0.0,0,2,2,2.0,Multiple
amk,1.2.1,0.0,0,28,28,1.0,1
amk,"1.2.1,4.9",0.0,0,1,1,2.0,Multiple
amk,1.2.1.1.1,0.0,0,8,8,1.0,1
amk,1.2.1.1.2,0.0,0,3,3,1.0,1
amk,1.2.2,0.0,0,39,39,1.0,1
amk,"1.2.2,4",0.0,0,1,1,2.0,Multiple
amk,1.2.2.1,0.0,0,41,41,1.0,1
amk,"1.2.2.1,1.1.2",0.0,0,1,1,2.0,Multiple
amk,"1.2.2.1,2.2.1.1.1",0.0,0,1,1,2.0,Multiple
amk,"1.2.2.1,4",0.0,0,1,1,2.0,Multiple
amk,"1.2.2.1,4.2.1.2.1.1.i3.1,4.1.i1.1.1.1,2.2.1.1.1,4.2.1.2.1.1.i3.2,4.1.i1.1.2,1.1.1.2.i1,3.1.1.i1,4.2.1.1.1.1.1.1.i2",0.0,0,1,1,8.0,Multiple
amk,1.2.2.2,0.0,0,15,15,1.0,1
amk,"2,4.8",0.0,0,1,1,2.0,Multiple
amk,2.1,20.0,1,4,5,1.0,2
amk,2.2,0.0,0,1,1,1.0,2
amk,"2.2,3",0.0,0,1,1,2.0,Multiple
amk,"2.2,4.8",0.0,0,2,2,2.0,Multiple
amk,2.2.1,4.223107569721115,106,2404,2510,1.0,2
amk,"2.2.1,4",33.333333333333336,1,2,3,2.0,Multiple
amk,"2.2.1,4.2",0.0,0,1,1,2.0,Multiple
amk,"2.2.1,4.8",0.0,0,8,8,2.0,Multiple
amk,"2.2.1,4.9",0.0,0,4,4,2.0,Multiple
amk,2.2.1.1,7.246376811594203,5,64,69,1.0,2
amk,2.2.1.1.1,7.298136645962733,47,597,644,1.0,2
amk,"2.2.1.1.1,2.2.1.1.2",100.0,1,0,1,2.0,Multiple
amk,"2.2.1.1.1,3.1.1.i1",0.0,0,1,1,2.0,Multiple
amk,"2.2.1.1.1,4.2.1.2.1.1",0.0,0,2,2,2.0,Multiple
amk,"2.2.1.1.1,4.2.1.2.1.1.i1",0.0,0,6,6,2.0,Multiple
amk,2.2.1.1.1.i1,0.0,0,6,6,1.0,2
amk,2.2.1.1.1.i2,0.0,0,2,2,1.0,2
amk,2.2.1.1.1.i3,10.416666666666666,5,43,48,1.0,2
amk,2.2.1.1.2,8.333333333333334,1,11,12,1.0,2
amk,2.2.1.2,0.0,0,1,1,1.0,2
amk,"2.2.1.2,3.1,4.2.1.1.1.1.1.1.i2",0.0,0,1,1,3.0,Multiple
amk,2.2.2,50.98814229249012,129,124,253,1.0,2
amk,"2.2.2,2.2.1",0.0,0,1,1,2.0,Multiple
amk,"2.2.2,2.2.1.1.1",0.0,0,1,1,2.0,Multiple
amk,3,15.714285714285714,22,118,140,1.0,3
amk,"3,4",0.0,0,1,1,2.0,Multiple
amk,3.1,0.0,0,2,2,1.0,3
amk,"3.1,4.2.1.1.1.1.1.1.i2",0.0,0,1,1,2.0,Multiple
amk,3.1.1,4.054054054054054,6,142,148,1.0,3
amk,"3.1.1,2.2.1.1.1",66.66666666666667,2,1,3,2.0,Multiple
amk,"3.1.1,4.1.i1.1.1.1",0.0,0,1,1,2.0,Multiple
amk,"3.1.1,4.2.1.1.1.1.1.1.i2",0.0,0,1,1,2.0,Multiple
amk,"3.1.1,4.2.1.1.1.2.1.1",0.0,0,1,1,2.0,Multiple
amk,3.1.1.,0.0,0,1,1,1.0,3
amk,3.1.1.i1,0.0,0,15,15,1.0,3
amk,3.1.1.i2,6.896551724137931,2,27,29,1.0,3
amk,3.1.2,0.0,0,9,9,1.0,3
amk,3.1.2.1,0.0,0,8,8,1.0,3
amk,3.1.2.2,0.0,0,1,1,1.0,3
amk,3.2,0.0,0,1,1,1.0,3
amk,3.2.1,0.0,0,1,1,1.0,3
amk,4,6.666666666666667,3,42,45,1.0,4
amk,4.1,0.0,0,37,37,1.0,4
amk,4.1.1,25.0,1,3,4,1.0,4
amk,"4.1.1,4.8",0.0,0,1,1,2.0,Multiple
amk,4.1.1.1,0.0,0,16,16,1.0,4
amk,4.1.1.2,0.0,0,5,5,1.0,4
amk,4.1.1.3,14.0625,9,55,64,1.0,4
amk,4.1.2,0.0,0,36,36,1.0,4
amk,4.1.2.1,4.464285714285714,10,214,224,1.0,4
amk,"4.1.2.1,2.2.1",0.0,0,6,6,2.0,Multiple
amk,"4.1.2.1,2.2.1,1.1.2",100.0,1,0,1,3.0,Multiple
amk,"4.1.2.1,3",0.0,0,1,1,2.0,Multiple
amk,"4.1.2.1,4.2.1",0.0,0,1,1,2.0,Multiple
amk,"4.1.2.1,4.3.3",0.0,0,1,1,2.0,Multiple
amk,"4.1.2.1,4.4.1.1",0.0,0,1,1,2.0,Multiple
amk,"4.1.2.1,4.8",0.0,0,3,3,2.0,Multiple
amk,4.1.i1.1.1,0.0,0,1,1,1.0,4
amk,4.1.i1.1.1.1,2.247191011235955,6,261,267,1.0,4
amk,"4.1.i1.1.1.1,2.2.1.1.1",0.0,0,2,2,2.0,Multiple
amk,"4.1.i1.1.1.1,4.2.1.2.1.1.i4.1",0.0,0,2,2,2.0,Multiple
amk,"4.1.i1.1.1.1,4.2.1.2.2.1",0.0,0,1,1,2.0,Multiple
amk,4.1.i1.1.1.2,0.0,0,5,5,1.0,4
amk,4.1.i1.1.2,0.0,0,3,3,1.0,4
amk,4.1.i1.2.1,3.053435114503817,4,127,131,1.0,4
amk,"4.1.i1.2.1,2.2.1.1.1",0.0,0,3,3,2.0,Multiple
amk,4.1.i1.2.2,0.0,0,4,4,1.0,4
amk,4.1.i2.1,0.0,0,1,1,1.0,4
amk,"4.1.i2.1,4.2.1.2.1.1.i1",0.0,0,1,1,2.0,Multiple
amk,4.2,0.0,0,2,2,1.0,4
amk,"4.2,4.8",0.0,0,1,1,2.0,Multiple
amk,"4.2,4.9",0.0,0,2,2,2.0,Multiple
amk,4.2.1,1.484230055658627,8,531,539,1.0,4
amk,"4.2.1,2.2.1",0.0,0,15,15,2.0,Multiple
amk,"4.2.1,2.2.1,4.8",0.0,0,1,1,3.0,Multiple
amk,"4.2.1,4.9",0.0,0,1,1,2.0,Multiple
amk,4.2.1.1.1.1.1.1.i1,5.042016806722689,6,113,119,1.0,4
amk,"4.2.1.1.1.1.1.1.i1,1.2.1.1.1",0.0,0,1,1,2.0,Multiple
amk,"4.2.1.1.1.1.1.1.i1,4.2.1.2.1.1.i1",0.0,0,2,2,2.0,Multiple
amk,4.2.1.1.1.1.1.1.i2,3.125,1,31,32,1.0,4
amk,4.2.1.1.1.1.2,0.0,0,28,28,1.0,4
amk,4.2.1.1.1.2.1.1.1.1.1,0.0,0,17,17,1.0,4
amk,4.2.1.1.1.2.1.1.1.1.2,14.285714285714286,1,6,7,1.0,4
amk,4.2.1.1.1.2.1.2,0.0,0,1,1,1.0,4
amk,4.2.1.1.1.2.2.1.1.1.2,0.0,0,3,3,1.0,4
amk,"4.2.1.1.1.2.2.1.1.1.2,4.2.1.1.1.2.2.1.2,1.1.1.2.i1,3.1,4.2.1.1.1.1.1.1.i2",0.0,0,1,1,5.0,Multiple
amk,4.2.1.1.1.2.2.1.1.2,0.0,0,2,2,1.0,4
amk,4.2.1.1.1.2.2.1.2,0.0,0,1,1,1.0,4
amk,"4.2.1.1.1.2.2.1.2,4.2.1.2.1.1.i3.2",0.0,0,1,1,2.0,Multiple
amk,4.2.1.1.2,0.0,0,47,47,1.0,4
amk,4.2.1.2.1.1,0.0,0,1,1,1.0,4
amk,4.2.1.2.1.1.i1,3.260869565217391,3,89,92,1.0,4
amk,4.2.1.2.1.1.i2,0.0,0,8,8,1.0,4
amk,4.2.1.2.1.1.i3.1,8.0,4,46,50,1.0,4
amk,"4.2.1.2.1.1.i3.1,2.2.1.1.1",100.0,1,0,1,2.0,Multiple
amk,4.2.1.2.1.1.i3.2,2.380952380952381,1,41,42,1.0,4
amk,4.2.1.2.1.1.i4.1,7.762557077625571,17,202,219,1.0,4
amk,"4.2.1.2.1.1.i4.1,4.2.1.2.1.1.i1",0.0,0,1,1,2.0,Multiple
amk,4.2.1.2.1.2,0.0,0,3,3,1.0,4
amk,"4.2.1.2.1.2,4.2.1.1.1.2.2.1.1.1.2,4.1.i1.2.2,4.1.i1.1,1.1.1.2.i1,3.1,4.2.1.1.1.2.1.1.1,4.2.1.1.1.1.1.1.i2",0.0,0,1,1,8.0,Multiple
amk,4.2.1.2.2.1,0.0,0,3,3,1.0,4
amk,4.2.1.2.2.1.1,0.0,0,59,59,1.0,4
amk,4.2.1.2.2.1.2,0.0,0,12,12,1.0,4
amk,4.2.1.2.2.2,0.0,0,21,21,1.0,4
amk,4.2.2,3.703703703703704,1,26,27,1.0,4
amk,4.2.2.1,15.625,5,27,32,1.0,4
amk,4.2.2.2.1,0.0,0,19,19,1.0,4
amk,4.2.2.2.2,0.0,0,2,2,1.0,4
amk,4.3,0.0,0,1,1,1.0,4
amk,"4.3,4.4.1.2,4.9",0.0,0,2,2,3.0,Multiple
amk,"4.3,4.9",0.0,0,1,1,2.0,Multiple
amk,4.3.1,0.0,0,2,2,1.0,4
amk,4.3.2,0.0,0,15,15,1.0,4
amk,4.3.2.1,14.814814814814817,4,23,27,1.0,4
amk,4.3.3,16.486486486486488,61,309,370,1.0,4
amk,"4.3.3,2.2.1",0.0,0,1,1,2.0,Multiple
amk,"4.3.3,4.2.1",0.0,0,2,2,2.0,Multiple
amk,"4.3.3,4.8",0.0,0,2,2,2.0,Multiple
amk,4.3.4,0.0,0,2,2,1.0,4
amk,4.3.4.1,2.816901408450704,2,69,71,1.0,4
amk,4.3.4.2,24.41860465116279,21,65,86,1.0,4
amk,4.3.4.2.1,0.0,0,13,13,1.0,4
amk,4.4,0.0,0,1,1,1.0,4
amk,4.4.1.1,2.197802197802198,2,89,91,1.0,4
amk,4.4.1.2,0.0,0,12,12,1.0,4
amk,4.4.2,0.9345794392523364,1,106,107,1.0,4
amk,4.5,0.0,0,82,82,1.0,4
amk,"4.5,4.9",0.0,0,2,2,2.0,Multiple
amk,4.6,11.11111111111111,1,8,9,1.0,4
amk,4.6.1.1,0.0,0,8,8,1.0,4
amk,4.6.1.2,0.0,0,6,6,1.0,4
amk,4.6.2,0.0,0,31,31,1.0,4
amk,4.6.2.2,0.0,0,7,7,1.0,4
amk,4.7,8.823529411764707,3,31,34,1.0,4
amk,4.8,1.243781094527363,5,397,402,1.0,4
amk,"4.8,4.3.4.1",0.0,0,1,1,2.0,Multiple
amk,"4.8,4.9",0.0,0,1,1,2.0,Multiple
amk,4.9,3.125,2,62,64,1.0,4
amk,5,0.0,0,1,1,1.0,5
amk,6,0.0,0,1,1,1.0,6
amk,"6,BOV_AFRI",0.0,0,4,4,2.0,Multiple
amk,BOV_AFRI,0.0,0,20,20,1.0,Bovine
amk,,0.0,0,8,8,0.0,None
cap,1,0.0,0,1,1,1.0,1
cap,1.1,0.0,0,1,1,1.0,1
cap,1.1.1,0.0,0,3,3,1.0,1
cap,"1.1.1,4.9",0.0,0,1,1,2.0,Multiple
cap,1.1.1.1,0.0,0,3,3,1.0,1
cap,1.1.1.1.1,0.0,0,23,23,1.0,1
cap,"1.1.1.1.1,2.2.1.1.1",0.0,0,3,3,2.0,Multiple
cap,1.1.1.2,0.0,0,25,25,1.0,1
cap,"1.1.1.2,4.2.1.1.1.1.1.1.i2",0.0,0,1,1,2.0,Multiple
cap,"1.1.1.2.i1,2.2.1.1.1.i3",0.0,0,1,1,2.0,Multiple
cap,1.1.2,3.5294117647058822,6,164,170,1.0,1
cap,"1.1.2,2.2.1.1.1",0.0,0,2,2,2.0,Multiple
cap,"1.1.2,4",0.0,0,1,1,2.0,Multiple
cap,1.1.3,0.0,0,31,31,1.0,1
cap,"1.1.3,4.9",0.0,0,2,2,2.0,Multiple
cap,1.2.1,3.571428571428572,1,27,28,1.0,1
cap,"1.2.1,4.9",0.0,0,1,1,2.0,Multiple
cap,1.2.1.1.1,12.5,1,7,8,1.0,1
cap,1.2.1.1.2,0.0,0,3,3,1.0,1
cap,1.2.2,0.0,0,39,39,1.0,1
cap,"1.2.2,4",0.0,0,1,1,2.0,Multiple
cap,1.2.2.1,0.0,0,41,41,1.0,1
cap,"1.2.2.1,1.1.2",0.0,0,1,1,2.0,Multiple
cap,"1.2.2.1,2.2.1.1.1",0.0,0,1,1,2.0,Multiple
cap,"1.2.2.1,4",0.0,0,1,1,2.0,Multiple
cap,"1.2.2.1,4.2.1.2.1.1.i3.1,4.1.i1.1.1.1,2.2.1.1.1,4.2.1.2.1.1.i3.2,4.1.i1.1.2,1.1.1.2.i1,3.1.1.i1,4.2.1.1.1.1.1.1.i2",0.0,0,1,1,8.0,Multiple
cap,1.2.2.2,0.0,0,15,15,1.0,1
cap,"2,4.8",0.0,0,1,1,2.0,Multiple
cap,2.1,20.0,1,4,5,1.0,2
cap,2.2,0.0,0,1,1,1.0,2
cap,"2.2,3",0.0,0,1,1,2.0,Multiple
cap,"2.2,4.8",0.0,0,2,2,2.0,Multiple
cap,2.2.1,4.223107569721115,106,2404,2510,1.0,2
cap,"2.2.1,4",33.333333333333336,1,2,3,2.0,Multiple
cap,"2.2.1,4.2",0.0,0,1,1,2.0,Multiple
cap,"2.2.1,4.8",0.0,0,8,8,2.0,Multiple
cap,"2.2.1,4.9",0.0,0,4,4,2.0,Multiple
cap,2.2.1.1,7.246376811594203,5,64,69,1.0,2
cap,2.2.1.1.1,8.385093167701863,54,590,644,1.0,2
cap,"2.2.1.1.1,2.2.1.1.2",100.0,1,0,1,2.0,Multiple
cap,"2.2.1.1.1,3.1.1.i1",0.0,0,1,1,2.0,Multiple
cap,"2.2.1.1.1,4.2.1.2.1.1",0.0,0,2,2,2.0,Multiple
cap,"2.2.1.1.1,4.2.1.2.1.1.i1",0.0,0,6,6,2.0,Multiple
cap,2.2.1.1.1.i1,0.0,0,6,6,1.0,2
cap,2.2.1.1.1.i2,0.0,0,2,2,1.0,2
cap,2.2.1.1.1.i3,10.416666666666666,5,43,48,1.0,2
cap,2.2.1.1.2,8.333333333333334,1,11,12,1.0,2
cap,2.2.1.2,0.0,0,1,1,1.0,2
cap,"2.2.1.2,3.1,4.2.1.1.1.1.1.1.i2",0.0,0,1,1,3.0,Multiple
cap,2.2.2,51.77865612648221,131,122,253,1.0,2
cap,"2.2.2,2.2.1",0.0,0,1,1,2.0,Multiple
cap,"2.2.2,2.2.1.1.1",0.0,0,1,1,2.0,Multiple
cap,3,16.428571428571427,23,117,140,1.0,3
cap,"3,4",0.0,0,1,1,2.0,Multiple
cap,3.1,0.0,0,2,2,1.0,3
cap,"3.1,4.2.1.1.1.1.1.1.i2",0.0,0,1,1,2.0,Multiple
cap,3.1.1,4.72972972972973,7,141,148,1.0,3
cap,"3.1.1,2.2.1.1.1",66.66666666666667,2,1,3,2.0,Multiple
cap,"3.1.1,4.1.i1.1.1.1",0.0,0,1,1,2.0,Multiple
cap,"3.1.1,4.2.1.1.1.1.1.1.i2",0.0,0,1,1,2.0,Multiple
cap,"3.1.1,4.2.1.1.1.2.1.1",0.0,0,1,1,2.0,Multiple
cap,3.1.1.,0.0,0,1,1,1.0,3
cap,3.1.1.i1,0.0,0,15,15,1.0,3
cap,3.1.1.i2,6.896551724137931,2,27,29,1.0,3
cap,3.1.2,0.0,0,9,9,1.0,3
cap,3.1.2.1,0.0,0,8,8,1.0,3
cap,3.1.2.2,0.0,0,1,1,1.0,3
cap,3.2,0.0,0,1,1,1.0,3
cap,3.2.1,0.0,0,1,1,1.0,3
cap,4,31.11111111111111,14,31,45,1.0,4
cap,4.1,0.0,0,37,37,1.0,4
cap,4.1.1,25.0,1,3,4,1.0,4
cap,"4.1.1,4.8",0.0,0,1,1,2.0,Multiple
cap,4.1.1.1,0.0,0,16,16,1.0,4
cap,4.1.1.2,0.0,0,5,5,1.0,4
cap,4.1.1.3,14.0625,9,55,64,1.0,4
cap,4.1.2,0.0,0,36,36,1.0,4
cap,4.1.2.1,4.910714285714286,11,213,224,1.0,4
cap,"4.1.2.1,2.2.1",0.0,0,6,6,2.0,Multiple
cap,"4.1.2.1,2.2.1,1.1.2",100.0,1,0,1,3.0,Multiple
cap,"4.1.2.1,3",0.0,0,1,1,2.0,Multiple
cap,"4.1.2.1,4.2.1",0.0,0,1,1,2.0,Multiple
cap,"4.1.2.1,4.3.3",0.0,0,1,1,2.0,Multiple
cap,"4.1.2.1,4.4.1.1",0.0,0,1,1,2.0,Multiple
cap,"4.1.2.1,4.8",0.0,0,3,3,2.0,Multiple
cap,4.1.i1.1.1,0.0,0,1,1,1.0,4
cap,4.1.i1.1.1.1,2.247191011235955,6,261,267,1.0,4
cap,"4.1.i1.1.1.1,2.2.1.1.1",0.0,0,2,2,2.0,Multiple
cap,"4.1.i1.1.1.1,4.2.1.2.1.1.i4.1",0.0,0,2,2,2.0,Multiple
cap,"4.1.i1.1.1.1,4.2.1.2.2.1",0.0,0,1,1,2.0,Multiple
cap,4.1.i1.1.1.2,20.0,1,4,5,1.0,4
cap,4.1.i1.1.2,0.0,0,3,3,1.0,4
cap,4.1.i1.2.1,3.816793893129771,5,126,131,1.0,4
cap,"4.1.i1.2.1,2.2.1.1.1",0.0,0,3,3,2.0,Multiple
cap,4.1.i1.2.2,0.0,0,4,4,1.0,4
cap,4.1.i2.1,0.0,0,1,1,1.0,4
cap,"4.1.i2.1,4.2.1.2.1.1.i1",0.0,0,1,1,2.0,Multiple
cap,4.2,0.0,0,2,2,1.0,4
cap,"4.2,4.8",0.0,0,1,1,2.0,Multiple
cap,"4.2,4.9",0.0,0,2,2,2.0,Multiple
cap,4.2.1,1.484230055658627,8,531,539,1.0,4
cap,"4.2.1,2.2.1",0.0,0,15,15,2.0,Multiple
cap,"4.2.1,2.2.1,4.8",0.0,0,1,1,3.0,Multiple
cap,"4.2.1,4.9",0.0,0,1,1,2.0,Multiple
cap,4.2.1.1.1.1.1.1.i1,6.722689075630252,8,111,119,1.0,4
cap,"4.2.1.1.1.1.1.1.i1,1.2.1.1.1",0.0,0,1,1,2.0,Multiple
cap,"4.2.1.1.1.1.1.1.i1,4.2.1.2.1.1.i1",0.0,0,2,2,2.0,Multiple
cap,4.2.1.1.1.1.1.1.i2,6.25,2,30,32,1.0,4
cap,4.2.1.1.1.1.2,0.0,0,28,28,1.0,4
cap,4.2.1.1.1.2.1.1.1.1.1,0.0,0,17,17,1.0,4
cap,4.2.1.1.1.2.1.1.1.1.2,14.285714285714286,1,6,7,1.0,4
cap,4.2.1.1.1.2.1.2,0.0,0,1,1,1.0,4
cap,4.2.1.1.1.2.2.1.1.1.2,0.0,0,3,3,1.0,4
cap,"4.2.1.1.1.2.2.1.1.1.2,4.2.1.1.1.2.2.1.2,1.1.1.2.i1,3.1,4.2.1.1.1.1.1.1.i2",0.0,0,1,1,5.0,Multiple
cap,4.2.1.1.1.2.2.1.1.2,0.0,0,2,2,1.0,4
cap,4.2.1.1.1.2.2.1.2,0.0,0,1,1,1.0,4
cap,"4.2.1.1.1.2.2.1.2,4.2.1.2.1.1.i3.2",0.0,0,1,1,2.0,Multiple
cap,4.2.1.1.2,0.0,0,47,47,1.0,4
cap,4.2.1.2.1.1,0.0,0,1,1,1.0,4
cap,4.2.1.2.1.1.i1,3.260869565217391,3,89,92,1.0,4
cap,4.2.1.2.1.1.i2,0.0,0,8,8,1.0,4
cap,4.2.1.2.1.1.i3.1,8.0,4,46,50,1.0,4
cap,"4.2.1.2.1.1.i3.1,2.2.1.1.1",100.0,1,0,1,2.0,Multiple
cap,4.2.1.2.1.1.i3.2,2.380952380952381,1,41,42,1.0,4
cap,4.2.1.2.1.1.i4.1,7.762557077625571,17,202,219,1.0,4
cap,"4.2.1.2.1.1.i4.1,4.2.1.2.1.1.i1",0.0,0,1,1,2.0,Multiple
cap,4.2.1.2.1.2,0.0,0,3,3,1.0,4
cap,"4.2.1.2.1.2,4.2.1.1.1.2.2.1.1.1.2,4.1.i1.2.2,4.1.i1.1,1.1.1.2.i1,3.1,4.2.1.1.1.2.1.1.1,4.2.1.1.1.1.1.1.i2",0.0,0,1,1,8.0,Multiple
cap,4.2.1.2.2.1,0.0,0,3,3,1.0,4
cap,4.2.1.2.2.1.1,0.0,0,59,59,1.0,4
cap,4.2.1.2.2.1.2,0.0,0,12,12,1.0,4
cap,4.2.1.2.2.2,0.0,0,21,21,1.0,4
cap,4.2.2,3.703703703703704,1,26,27,1.0,4
cap,4.2.2.1,15.625,5,27,32,1.0,4
cap,4.2.2.2.1,0.0,0,19,19,1.0,4
cap,4.2.2.2.2,0.0,0,2,2,1.0,4
cap,4.3,0.0,0,1,1,1.0,4
cap,"4.3,4.4.1.2,4.9",0.0,0,2,2,3.0,Multiple
cap,"4.3,4.9",0.0,0,1,1,2.0,Multiple
cap,4.3.1,0.0,0,2,2,1.0,4
cap,4.3.2,0.0,0,15,15,1.0,4
cap,4.3.2.1,14.814814814814817,4,23,27,1.0,4
cap,4.3.3,16.486486486486488,61,309,370,1.0,4
cap,"4.3.3,2.2.1",0.0,0,1,1,2.0,Multiple
cap,"4.3.3,4.2.1",0.0,0,2,2,2.0,Multiple
cap,"4.3.3,4.8",0.0,0,2,2,2.0,Multiple
cap,4.3.4,0.0,0,2,2,1.0,4
cap,4.3.4.1,2.816901408450704,2,69,71,1.0,4
cap,4.3.4.2,24.41860465116279,21,65,86,1.0,4
cap,4.3.4.2.1,0.0,0,13,13,1.0,4
cap,4.4,0.0,0,1,1,1.0,4
cap,4.4.1.1,2.197802197802198,2,89,91,1.0,4
cap,4.4.1.2,0.0,0,12,12,1.0,4
cap,4.4.2,0.9345794392523364,1,106,107,1.0,4
cap,4.5,0.0,0,82,82,1.0,4
cap,"4.5,4.9",0.0,0,2,2,2.0,Multiple
cap,4.6,11.11111111111111,1,8,9,1.0,4
cap,4.6.1.1,0.0,0,8,8,1.0,4
cap,4.6.1.2,16.666666666666668,1,5,6,1.0,4
cap,4.6.2,0.0,0,31,31,1.0,4
cap,4.6.2.2,0.0,0,7,7,1.0,4
cap,4.7,70.58823529411765,24,10,34,1.0,4
cap,4.8,1.243781094527363,5,397,402,1.0,4
cap,"4.8,4.3.4.1",0.0,0,1,1,2.0,Multiple
cap,"4.8,4.9",0.0,0,1,1,2.0,Multiple
cap,4.9,3.125,2,62,64,1.0,4
cap,5,0.0,0,1,1,1.0,5
cap,6,0.0,0,1,1,1.0,6
cap,"6,BOV_AFRI",0.0,0,4,4,2.0,Multiple
cap,BOV_AFRI,0.0,0,20,20,1.0,Bovine
cap,,12.5,1,7,8,0.0,None
cip,1,0.0,0,1,1,1.0,1
cip,1.1,0.0,0,1,1,1.0,1
cip,1.1.1,66.66666666666667,2,1,3,1.0,1
cip,"1.1.1,4.9",0.0,0,1,1,2.0,Multiple
cip,1.1.1.1,0.0,0,3,3,1.0,1
cip,1.1.1.1.1,0.0,0,23,23,1.0,1
cip,"1.1.1.1.1,2.2.1.1.1",0.0,0,3,3,2.0,Multiple
cip,1.1.1.2,0.0,0,25,25,1.0,1
cip,"1.1.1.2,4.2.1.1.1.1.1.1.i2",0.0,0,1,1,2.0,Multiple
cip,"1.1.1.2.i1,2.2.1.1.1.i3",0.0,0,1,1,2.0,Multiple
cip,1.1.2,4.117647058823529,7,163,170,1.0,1
cip,"1.1.2,2.2.1.1.1",50.0,1,1,2,2.0,Multiple
cip,"1.1.2,4",0.0,0,1,1,2.0,Multiple
cip,1.1.3,0.0,0,31,31,1.0,1
cip,"1.1.3,4.9",0.0,0,2,2,2.0,Multiple
cip,1.2.1,0.0,0,28,28,1.0,1
cip,"1.2.1,4.9",0.0,0,1,1,2.0,Multiple
cip,1.2.1.1.1,0.0,0,8,8,1.0,1
cip,1.2.1.1.2,0.0,0,3,3,1.0,1
cip,1.2.2,2.5641025641025643,1,38,39,1.0,1
cip,"1.2.2,4",0.0,0,1,1,2.0,Multiple
cip,1.2.2.1,4.878048780487805,2,39,41,1.0,1
cip,"1.2.2.1,1.1.2",0.0,0,1,1,2.0,Multiple
cip,"1.2.2.1,2.2.1.1.1",100.0,1,0,1,2.0,Multiple
cip,"1.2.2.1,4",0.0,0,1,1,2.0,Multiple
cip,"1.2.2.1,4.2.1.2.1.1.i3.1,4.1.i1.1.1.1,2.2.1.1.1,4.2.1.2.1.1.i3.2,4.1.i1.1.2,1.1.1.2.i1,3.1.1.i1,4.2.1.1.1.1.1.1.i2",0.0,0,1,1,8.0,Multiple
cip,1.2.2.2,0.0,0,15,15,1.0,1
cip,"2,4.8",0.0,0,1,1,2.0,Multiple
cip,2.1,40.0,2,3,5,1.0,2
cip,2.2,0.0,0,1,1,1.0,2
cip,"2.2,3",0.0,0,1,1,2.0,Multiple
cip,"2.2,4.8",0.0,0,2,2,2.0,Multiple
cip,2.2.1,9.880478087649402,248,2262,2510,1.0,2
cip,"2.2.1,4",33.333333333333336,1,2,3,2.0,Multiple
cip,"2.2.1,4.2",0.0,0,1,1,2.0,Multiple
cip,"2.2.1,4.8",0.0,0,8,8,2.0,Multiple
cip,"2.2.1,4.9",25.0,1,3,4,2.0,Multiple
cip,2.2.1.1,2.898550724637681,2,67,69,1.0,2
cip,2.2.1.1.1,23.60248447204969,152,492,644,1.0,2
cip,"2.2.1.1.1,2.2.1.1.2",0.0,0,1,1,2.0,Multiple
cip,"2.2.1.1.1,3.1.1.i1",0.0,0,1,1,2.0,Multiple
cip,"2.2.1.1.1,4.2.1.2.1.1",0.0,0,2,2,2.0,Multiple
cip,"2.2.1.1.1,4.2.1.2.1.1.i1",0.0,0,6,6,2.0,Multiple
cip,2.2.1.1.1.i1,0.0,0,6,6,1.0,2
cip,2.2.1.1.1.i2,0.0,0,2,2,1.0,2
cip,2.2.1.1.1.i3,25.0,12,36,48,1.0,2
cip,2.2.1.1.2,25.0,3,9,12,1.0,2
cip,2.2.1.2,0.0,0,1,1,1.0,2
cip,"2.2.1.2,3.1,4.2.1.1.1.1.1.1.i2",0.0,0,1,1,3.0,Multiple
cip,2.2.2,33.59683794466403,85,168,253,1.0,2
cip,"2.2.2,2.2.1",0.0,0,1,1,2.0,Multiple
cip,"2.2.2,2.2.1.1.1",0.0,0,1,1,2.0,Multiple
cip,3,10.0,14,126,140,1.0,3
cip,"3,4",0.0,0,1,1,2.0,Multiple
cip,3.1,0.0,0,2,2,1.0,3
cip,"3.1,4.2.1.1.1.1.1.1.i2",0.0,0,1,1,2.0,Multiple
cip,3.1.1,16.89189189189189,25,123,148,1.0,3
cip,"3.1.1,2.2.1.1.1",33.333333333333336,1,2,3,2.0,Multiple
cip,"3.1.1,4.1.i1.1.1.1",0.0,0,1,1,2.0,Multiple
cip,"3.1.1,4.2.1.1.1.1.1.1.i2",0.0,0,1,1,2.0,Multiple
cip,"3.1.1,4.2.1.1.1.2.1.1",0.0,0,1,1,2.0,Multiple
cip,3.1.1.,0.0,0,1,1,1.0,3
cip,3.1.1.i1,6.666666666666667,1,14,15,1.0,3
cip,3.1.1.i2,17.24137931034483,5,24,29,1.0,3
cip,3.1.2,0.0,0,9,9,1.0,3
cip,3.1.2.1,0.0,0,8,8,1.0,3
cip,3.1.2.2,0.0,0,1,1,1.0,3
cip,3.2,0.0,0,1,1,1.0,3
cip,3.2.1,0.0,0,1,1,1.0,3
cip,4,4.444444444444445,2,43,45,1.0,4
cip,4.1,0.0,0,37,37,1.0,4
cip,4.1.1,50.0,2,2,4,1.0,4
cip,"4.1.1,4.8",0.0,0,1,1,2.0,Multiple
cip,4.1.1.1,0.0,0,16,16,1.0,4
cip,4.1.1.2,0.0,0,5,5,1.0,4
cip,4.1.1.3,12.5,8,56,64,1.0,4
cip,4.1.2,0.0,0,36,36,1.0,4
cip,4.1.2.1,1.7857142857142858,4,220,224,1.0,4
cip,"4.1.2.1,2.2.1",0.0,0,6,6,2.0,Multiple
cip,"4.1.2.1,2.2.1,1.1.2",100.0,1,0,1,3.0,Multiple
cip,"4.1.2.1,3",0.0,0,1,1,2.0,Multiple
cip,"4.1.2.1,4.2.1",0.0,0,1,1,2.0,Multiple
cip,"4.1.2.1,4.3.3",0.0,0,1,1,2.0,Multiple
cip,"4.1.2.1,4.4.1.1",0.0,0,1,1,2.0,Multiple
cip,"4.1.2.1,4.8",0.0,0,3,3,2.0,Multiple
cip,4.1.i1.1.1,0.0,0,1,1,1.0,4
cip,4.1.i1.1.1.1,6.367041198501872,17,250,267,1.0,4
cip,"4.1.i1.1.1.1,2.2.1.1.1",0.0,0,2,2,2.0,Multiple
cip,"4.1.i1.1.1.1,4.2.1.2.1.1.i4.1",0.0,0,2,2,2.0,Multiple
cip,"4.1.i1.1.1.1,4.2.1.2.2.1",0.0,0,1,1,2.0,Multiple
cip,4.1.i1.1.1.2,20.0,1,4,5,1.0,4
cip,4.1.i1.1.2,33.333333333333336,1,2,3,1.0,4
cip,4.1.i1.2.1,7.633587786259542,10,121,131,1.0,4
cip,"4.1.i1.2.1,2.2.1.1.1",0.0,0,3,3,2.0,Multiple
cip,4.1.i1.2.2,0.0,0,4,4,1.0,4
cip,4.1.i2.1,0.0,0,1,1,1.0,4
cip,"4.1.i2.1,4.2.1.2.1.1.i1",0.0,0,1,1,2.0,Multiple
cip,4.2,0.0,0,2,2,1.0,4
cip,"4.2,4.8",0.0,0,1,1,2.0,Multiple
cip,"4.2,4.9",0.0,0,2,2,2.0,Multiple
cip,4.2.1,10.575139146567718,57,482,539,1.0,4
cip,"4.2.1,2.2.1",20.0,3,12,15,2.0,Multiple
cip,"4.2.1,2.2.1,4.8",0.0,0,1,1,3.0,Multiple
cip,"4.2.1,4.9",0.0,0,1,1,2.0,Multiple
cip,4.2.1.1.1.1.1.1.i1,11.764705882352942,14,105,119,1.0,4
cip,"4.2.1.1.1.1.1.1.i1,1.2.1.1.1",0.0,0,1,1,2.0,Multiple
cip,"4.2.1.1.1.1.1.1.i1,4.2.1.2.1.1.i1",0.0,0,2,2,2.0,Multiple
cip,4.2.1.1.1.1.1.1.i2,12.5,4,28,32,1.0,4
cip,4.2.1.1.1.1.2,0.0,0,28,28,1.0,4
cip,4.2.1.1.1.2.1.1.1.1.1,5.882352941176471,1,16,17,1.0,4
cip,4.2.1.1.1.2.1.1.1.1.2,0.0,0,7,7,1.0,4
cip,4.2.1.1.1.2.1.2,0.0,0,1,1,1.0,4
cip,4.2.1.1.1.2.2.1.1.1.2,0.0,0,3,3,1.0,4
cip,"4.2.1.1.1.2.2.1.1.1.2,4.2.1.1.1.2.2.1.2,1.1.1.2.i1,3.1,4.2.1.1.1.1.1.1.i2",0.0,0,1,1,5.0,Multiple
cip,4.2.1.1.1.2.2.1.1.2,0.0,0,2,2,1.0,4
cip,4.2.1.1.1.2.2.1.2,0.0,0,1,1,1.0,4
cip,"4.2.1.1.1.2.2.1.2,4.2.1.2.1.1.i3.2",100.0,1,0,1,2.0,Multiple
cip,4.2.1.1.2,6.382978723404255,3,44,47,1.0,4
cip,4.2.1.2.1.1,0.0,0,1,1,1.0,4
cip,4.2.1.2.1.1.i1,3.260869565217391,3,89,92,1.0,4
cip,4.2.1.2.1.1.i2,0.0,0,8,8,1.0,4
cip,4.2.1.2.1.1.i3.1,8.0,4,46,50,1.0,4
cip,"4.2.1.2.1.1.i3.1,2.2.1.1.1",100.0,1,0,1,2.0,Multiple
cip,4.2.1.2.1.1.i3.2,4.761904761904762,2,40,42,1.0,4
cip,4.2.1.2.1.1.i4.1,11.872146118721462,26,193,219,1.0,4
cip,"4.2.1.2.1.1.i4.1,4.2.1.2.1.1.i1",0.0,0,1,1,2.0,Multiple
cip,4.2.1.2.1.2,0.0,0,3,3,1.0,4
cip,"4.2.1.2.1.2,4.2.1.1.1.2.2.1.1.1.2,4.1.i1.2.2,4.1.i1.1,1.1.1.2.i1,3.1,4.2.1.1.1.2.1.1.1,4.2.1.1.1.1.1.1.i2",0.0,0,1,1,8.0,Multiple
cip,4.2.1.2.2.1,0.0,0,3,3,1.0,4
cip,4.2.1.2.2.1.1,37.28813559322034,22,37,59,1.0,4
cip,4.2.1.2.2.1.2,8.333333333333334,1,11,12,1.0,4
cip,4.2.1.2.2.2,0.0,0,21,21,1.0,4
cip,4.2.2,3.703703703703704,1,26,27,1.0,4
cip,4.2.2.1,12.5,4,28,32,1.0,4
cip,4.2.2.2.1,15.789473684210526,3,16,19,1.0,4
cip,4.2.2.2.2,0.0,0,2,2,1.0,4
cip,4.3,0.0,0,1,1,1.0,4
cip,"4.3,4.4.1.2,4.9",0.0,0,2,2,3.0,Multiple
cip,"4.3,4.9",0.0,0,1,1,2.0,Multiple
cip,4.3.1,0.0,0,2,2,1.0,4
cip,4.3.2,6.666666666666667,1,14,15,1.0,4
cip,4.3.2.1,0.0,0,27,27,1.0,4
cip,4.3.3,15.675675675675675,58,312,370,1.0,4
cip,"4.3.3,2.2.1",0.0,0,1,1,2.0,Multiple
cip,"4.3.3,4.2.1",50.0,1,1,2,2.0,Multiple
cip,"4.3.3,4.8",0.0,0,2,2,2.0,Multiple
cip,4.3.4,0.0,0,2,2,1.0,4
cip,4.3.4.1,1.408450704225352,1,70,71,1.0,4
cip,4.3.4.2,23.25581395348837,20,66,86,1.0,4
cip,4.3.4.2.1,7.6923076923076925,1,12,13,1.0,4
cip,4.4,0.0,0,1,1,1.0,4
cip,4.4.1.1,3.2967032967032965,3,88,91,1.0,4
cip,4.4.1.2,0.0,0,12,12,1.0,4
cip,4.4.2,4.672897196261682,5,102,107,1.0,4
cip,4.5,3.658536585365854,3,79,82,1.0,4
cip,"4.5,4.9",0.0,0,2,2,2.0,Multiple
cip,4.6,22.22222222222222,2,7,9,1.0,4
cip,4.6.1.1,0.0,0,8,8,1.0,4
cip,4.6.1.2,0.0,0,6,6,1.0,4
cip,4.6.2,0.0,0,31,31,1.0,4
cip,4.6.2.2,0.0,0,7,7,1.0,4
cip,4.7,17.647058823529413,6,28,34,1.0,4
cip,4.8,2.736318407960199,11,391,402,1.0,4
cip,"4.8,4.3.4.1",0.0,0,1,1,2.0,Multiple
cip,"4.8,4.9",0.0,0,1,1,2.0,Multiple
cip,4.9,7.8125,5,59,64,1.0,4
cip,5,0.0,0,1,1,1.0,5
cip,6,0.0,0,1,1,1.0,6
cip,"6,BOV_AFRI",50.0,2,2,4,2.0,Multiple
cip,BOV_AFRI,20.0,4,16,20,1.0,Bovine
cip,,12.5,1,7,8,0.0,None
emb,1,0.0,0,1,1,1.0,1
emb,1.1,100.0,1,0,1,1.0,1
emb,1.1.1,100.0,3,0,3,1.0,1
emb,"1.1.1,4.9",0.0,0,1,1,2.0,Multiple
emb,1.1.1.1,0.0,0,3,3,1.0,1
emb,1.1.1.1.1,4.3478260869565215,1,22,23,1.0,1
emb,"1.1.1.1.1,2.2.1.1.1",33.333333333333336,1,2,3,2.0,Multiple
emb,1.1.1.2,0.0,0,25,25,1.0,1
emb,"1.1.1.2,4.2.1.1.1.1.1.1.i2",0.0,0,1,1,2.0,Multiple
emb,"1.1.1.2.i1,2.2.1.1.1.i3",0.0,0,1,1,2.0,Multiple
emb,1.1.2,11.176470588235292,19,151,170,1.0,1
emb,"1.1.2,2.2.1.1.1",0.0,0,2,2,2.0,Multiple
emb,"1.1.2,4",0.0,0,1,1,2.0,Multiple
emb,1.1.3,6.451612903225806,2,29,31,1.0,1
emb,"1.1.3,4.9",0.0,0,2,2,2.0,Multiple
emb,1.2.1,7.142857142857143,2,26,28,1.0,1
emb,"1.2.1,4.9",0.0,0,1,1,2.0,Multiple
emb,1.2.1.1.1,0.0,0,8,8,1.0,1
emb,1.2.1.1.2,0.0,0,3,3,1.0,1
emb,1.2.2,25.64102564102564,10,29,39,1.0,1
emb,"1.2.2,4",0.0,0,1,1,2.0,Multiple
emb,1.2.2.1,41.46341463414634,17,24,41,1.0,1
emb,"1.2.2.1,1.1.2",0.0,0,1,1,2.0,Multiple
emb,"1.2.2.1,2.2.1.1.1",100.0,1,0,1,2.0,Multiple
emb,"1.2.2.1,4",0.0,0,1,1,2.0,Multiple
emb,"1.2.2.1,4.2.1.2.1.1.i3.1,4.1.i1.1.1.1,2.2.1.1.1,4.2.1.2.1.1.i3.2,4.1.i1.1.2,1.1.1.2.i1,3.1.1.i1,4.2.1.1.1.1.1.1.i2",0.0,0,1,1,8.0,Multiple
emb,1.2.2.2,0.0,0,15,15,1.0,1
emb,"2,4.8",0.0,0,1,1,2.0,Multiple
emb,2.1,80.0,4,1,5,1.0,2
emb,2.2,0.0,0,1,1,1.0,2
emb,"2.2,3",0.0,0,1,1,2.0,Multiple
emb,"2.2,4.8",0.0,0,2,2,2.0,Multiple
emb,2.2.1,25.737051792828684,646,1864,2510,1.0,2
emb,"2.2.1,4",0.0,0,3,3,2.0,Multiple
emb,"2.2.1,4.2",0.0,0,1,1,2.0,Multiple
emb,"2.2.1,4.8",0.0,0,8,8,2.0,Multiple
emb,"2.2.1,4.9",0.0,0,4,4,2.0,Multiple
emb,2.2.1.1,18.84057971014493,13,56,69,1.0,2
emb,2.2.1.1.1,39.90683229813665,257,387,644,1.0,2
emb,"2.2.1.1.1,2.2.1.1.2",100.0,1,0,1,2.0,Multiple
emb,"2.2.1.1.1,3.1.1.i1",0.0,0,1,1,2.0,Multiple
emb,"2.2.1.1.1,4.2.1.2.1.1",0.0,0,2,2,2.0,Multiple
emb,"2.2.1.1.1,4.2.1.2.1.1.i1",0.0,0,6,6,2.0,Multiple
emb,2.2.1.1.1.i1,16.666666666666668,1,5,6,1.0,2
emb,2.2.1.1.1.i2,0.0,0,2,2,1.0,2
emb,2.2.1.1.1.i3,45.833333333333336,22,26,48,1.0,2
emb,2.2.1.1.2,25.0,3,9,12,1.0,2
emb,2.2.1.2,100.0,1,0,1,1.0,2
emb,"2.2.1.2,3.1,4.2.1.1.1.1.1.1.i2",0.0,0,1,1,3.0,Multiple
emb,2.2.2,66.79841897233202,169,84,253,1.0,2
emb,"2.2.2,2.2.1",0.0,0,1,1,2.0,Multiple
emb,"2.2.2,2.2.1.1.1",0.0,0,1,1,2.0,Multiple
emb,3,39.285714285714285,55,85,140,1.0,3
emb,"3,4",0.0,0,1,1,2.0,Multiple
emb,3.1,0.0,0,2,2,1.0,3
emb,"3.1,4.2.1.1.1.1.1.1.i2",0.0,0,1,1,2.0,Multiple
emb,3.1.1,35.13513513513514,52,96,148,1.0,3
emb,"3.1.1,2.2.1.1.1",100.0,3,0,3,2.0,Multiple
emb,"3.1.1,4.1.i1.1.1.1",0.0,0,1,1,2.0,Multiple
emb,"3.1.1,4.2.1.1.1.1.1.1.i2",0.0,0,1,1,2.0,Multiple
emb,"3.1.1,4.2.1.1.1.2.1.1",0.0,0,1,1,2.0,Multiple
emb,3.1.1.,0.0,0,1,1,1.0,3
emb,3.1.1.i1,26.666666666666668,4,11,15,1.0,3
emb,3.1.1.i2,24.13793103448276,7,22,29,1.0,3
emb,3.1.2,0.0,0,9,9,1.0,3
emb,3.1.2.1,25.0,2,6,8,1.0,3
emb,3.1.2.2,0.0,0,1,1,1.0,3
emb,3.2,0.0,0,1,1,1.0,3
emb,3.2.1,0.0,0,1,1,1.0,3
emb,4,28.88888888888889,13,32,45,1.0,4
emb,4.1,35.13513513513514,13,24,37,1.0,4
emb,4.1.1,50.0,2,2,4,1.0,4
emb,"4.1.1,4.8",100.0,1,0,1,2.0,Multiple
emb,4.1.1.1,25.0,4,12,16,1.0,4
emb,4.1.1.2,0.0,0,5,5,1.0,4
emb,4.1.1.3,64.0625,41,23,64,1.0,4
emb,4.1.2,8.333333333333334,3,33,36,1.0,4
emb,4.1.2.1,15.625,35,189,224,1.0,4
emb,"4.1.2.1,2.2.1",50.0,3,3,6,2.0,Multiple
emb,"4.1.2.1,2.2.1,1.1.2",100.0,1,0,1,3.0,Multiple
emb,"4.1.2.1,3",100.0,1,0,1,2.0,Multiple
emb,"4.1.2.1,4.2.1",100.0,1,0,1,2.0,Multiple
emb,"4.1.2.1,4.3.3",100.0,1,0,1,2.0,Multiple
emb,"4.1.2.1,4.4.1.1",100.0,1,0,1,2.0,Multiple
emb,"4.1.2.1,4.8",0.0,0,3,3,2.0,Multiple
emb,4.1.i1.1.1,0.0,0,1,1,1.0,4
emb,4.1.i1.1.1.1,17.228464419475657,46,221,267,1.0,4
emb,"4.1.i1.1.1.1,2.2.1.1.1",50.0,1,1,2,2.0,Multiple
emb,"4.1.i1.1.1.1,4.2.1.2.1.1.i4.1",0.0,0,2,2,2.0,Multiple
emb,"4.1.i1.1.1.1,4.2.1.2.2.1",0.0,0,1,1,2.0,Multiple
emb,4.1.i1.1.1.2,20.0,1,4,5,1.0,4
emb,4.1.i1.1.2,33.333333333333336,1,2,3,1.0,4
emb,4.1.i1.2.1,15.267175572519085,20,111,131,1.0,4
emb,"4.1.i1.2.1,2.2.1.1.1",0.0,0,3,3,2.0,Multiple
emb,4.1.i1.2.2,0.0,0,4,4,1.0,4
emb,4.1.i2.1,0.0,0,1,1,1.0,4
emb,"4.1.i2.1,4.2.1.2.1.1.i1",0.0,0,1,1,2.0,Multiple
emb,4.2,0.0,0,2,2,1.0,4
emb,"4.2,4.8",0.0,0,1,1,2.0,Multiple
emb,"4.2,4.9",50.0,1,1,2,2.0,Multiple
emb,4.2.1,56.77179962894249,306,233,539,1.0,4
emb,"4.2.1,2.2.1",93.33333333333331,14,1,15,2.0,Multiple
emb,"4.2.1,2.2.1,4.8",100.0,1,0,1,3.0,Multiple
emb,"4.2.1,4.9",0.0,0,1,1,2.0,Multiple
emb,4.2.1.1.1.1.1.1.i1,20.16806722689076,24,95,119,1.0,4
emb,"4.2.1.1.1.1.1.1.i1,1.2.1.1.1",0.0,0,1,1,2.0,Multiple
emb,"4.2.1.1.1.1.1.1.i1,4.2.1.2.1.1.i1",0.0,0,2,2,2.0,Multiple
emb,4.2.1.1.1.1.1.1.i2,15.625,5,27,32,1.0,4
emb,4.2.1.1.1.1.2,100.0,28,0,28,1.0,4
emb,4.2.1.1.1.2.1.1.1.1.1,5.882352941176471,1,16,17,1.0,4
emb,4.2.1.1.1.2.1.1.1.1.2,0.0,0,7,7,1.0,4
emb,4.2.1.1.1.2.1.2,0.0,0,1,1,1.0,4
emb,4.2.1.1.1.2.2.1.1.1.2,100.0,3,0,3,1.0,4
emb,"4.2.1.1.1.2.2.1.1.1.2,4.2.1.1.1.2.2.1.2,1.1.1.2.i1,3.1,4.2.1.1.1.1.1.1.i2",100.0,1,0,1,5.0,Multiple
emb,4.2.1.1.1.2.2.1.1.2,0.0,0,2,2,1.0,4
emb,4.2.1.1.1.2.2.1.2,100.0,1,0,1,1.0,4
emb,"4.2.1.1.1.2.2.1.2,4.2.1.2.1.1.i3.2",100.0,1,0,1,2.0,Multiple
emb,4.2.1.1.2,10.638297872340424,5,42,47,1.0,4
emb,4.2.1.2.1.1,0.0,0,1,1,1.0,4
emb,4.2.1.2.1.1.i1,9.782608695652174,9,83,92,1.0,4
emb,4.2.1.2.1.1.i2,62.5,5,3,8,1.0,4
emb,4.2.1.2.1.1.i3.1,36.0,18,32,50,1.0,4
emb,"4.2.1.2.1.1.i3.1,2.2.1.1.1",100.0,1,0,1,2.0,Multiple
emb,4.2.1.2.1.1.i3.2,40.47619047619048,17,25,42,1.0,4
emb,4.2.1.2.1.1.i4.1,45.2054794520548,99,120,219,1.0,4
emb,"4.2.1.2.1.1.i4.1,4.2.1.2.1.1.i1",100.0,1,0,1,2.0,Multiple
emb,4.2.1.2.1.2,0.0,0,3,3,1.0,4
emb,"4.2.1.2.1.2,4.2.1.1.1.2.2.1.1.1.2,4.1.i1.2.2,4.1.i1.1,1.1.1.2.i1,3.1,4.2.1.1.1.2.1.1.1,4.2.1.1.1.1.1.1.i2",0.0,0,1,1,8.0,Multiple
emb,4.2.1.2.2.1,0.0,0,3,3,1.0,4
emb,4.2.1.2.2.1.1,49.15254237288136,29,30,59,1.0,4
emb,4.2.1.2.2.1.2,8.333333333333334,1,11,12,1.0,4
emb,4.2.1.2.2.2,9.523809523809524,2,19,21,1.0,4
emb,4.2.2,25.925925925925927,7,20,27,1.0,4
emb,4.2.2.1,53.125,17,15,32,1.0,4
emb,4.2.2.2.1,78.94736842105263,15,4,19,1.0,4
emb,4.2.2.2.2,50.0,1,1,2,1.0,4
emb,4.3,0.0,0,1,1,1.0,4
emb,"4.3,4.4.1.2,4.9",0.0,0,2,2,3.0,Multiple
emb,"4.3,4.9",0.0,0,1,1,2.0,Multiple
emb,4.3.1,0.0,0,2,2,1.0,4
emb,4.3.2,20.0,3,12,15,1.0,4
emb,4.3.2.1,22.22222222222222,6,21,27,1.0,4
emb,4.3.3,38.37837837837838,142,228,370,1.0,4
emb,"4.3.3,2.2.1",0.0,0,1,1,2.0,Multiple
emb,"4.3.3,4.2.1",100.0,2,0,2,2.0,Multiple
emb,"4.3.3,4.8",0.0,0,2,2,2.0,Multiple
emb,4.3.4,50.0,1,1,2,1.0,4
emb,4.3.4.1,15.492957746478874,11,60,71,1.0,4
emb,4.3.4.2,58.13953488372093,50,36,86,1.0,4
emb,4.3.4.2.1,30.76923076923077,4,9,13,1.0,4
emb,4.4,0.0,0,1,1,1.0,4
emb,4.4.1.1,64.83516483516483,59,32,91,1.0,4
emb,4.4.1.2,8.333333333333334,1,11,12,1.0,4
emb,4.4.2,9.345794392523365,10,97,107,1.0,4
emb,4.5,10.975609756097562,9,73,82,1.0,4
emb,"4.5,4.9",0.0,0,2,2,2.0,Multiple
emb,4.6,77.77777777777777,7,2,9,1.0,4
emb,4.6.1.1,100.0,8,0,8,1.0,4
emb,4.6.1.2,16.666666666666668,1,5,6,1.0,4
emb,4.6.2,77.41935483870968,24,7,31,1.0,4
emb,4.6.2.2,14.285714285714286,1,6,7,1.0,4
emb,4.7,29.41176470588235,10,24,34,1.0,4
emb,4.8,9.701492537313433,39,363,402,1.0,4
emb,"4.8,4.3.4.1",0.0,0,1,1,2.0,Multiple
emb,"4.8,4.9",0.0,0,1,1,2.0,Multiple
emb,4.9,12.5,8,56,64,1.0,4
emb,5,0.0,0,1,1,1.0,5
emb,6,0.0,0,1,1,1.0,6
emb,"6,BOV_AFRI",50.0,2,2,4,2.0,Multiple
emb,BOV_AFRI,0.0,0,20,20,1.0,Bovine
emb,,12.5,1,7,8,0.0,None
eth,1,0.0,0,1,1,1.0,1
eth,1.1,0.0,0,1,1,1.0,1
eth,1.1.1,33.333333333333336,1,2,3,1.0,1
eth,"1.1.1,4.9",0.0,0,1,1,2.0,Multiple
eth,1.1.1.1,33.333333333333336,1,2,3,1.0,1
eth,1.1.1.1.1,13.043478260869565,3,20,23,1.0,1
eth,"1.1.1.1.1,2.2.1.1.1",33.333333333333336,1,2,3,2.0,Multiple
eth,1.1.1.2,16.0,4,21,25,1.0,1
eth,"1.1.1.2,4.2.1.1.1.1.1.1.i2",0.0,0,1,1,2.0,Multiple
eth,"1.1.1.2.i1,2.2.1.1.1.i3",0.0,0,1,1,2.0,Multiple
eth,1.1.2,7.647058823529412,13,157,170,1.0,1
eth,"1.1.2,2.2.1.1.1",0.0,0,2,2,2.0,Multiple
eth,"1.1.2,4",0.0,0,1,1,2.0,Multiple
eth,1.1.3,9.67741935483871,3,28,31,1.0,1
eth,"1.1.3,4.9",0.0,0,2,2,2.0,Multiple
eth,1.2.1,10.714285714285714,3,25,28,1.0,1
eth,"1.2.1,4.9",0.0,0,1,1,2.0,Multiple
eth,1.2.1.1.1,25.0,2,6,8,1.0,1
eth,1.2.1.1.2,33.333333333333336,1,2,3,1.0,1
eth,1.2.2,17.94871794871795,7,32,39,1.0,1
eth,"1.2.2,4",0.0,0,1,1,2.0,Multiple
eth,1.2.2.1,39.02439024390244,16,25,41,1.0,1
eth,"1.2.2.1,1.1.2",0.0,0,1,1,2.0,Multiple
eth,"1.2.2.1,2.2.1.1.1",100.0,1,0,1,2.0,Multiple
eth,"1.2.2.1,4",0.0,0,1,1,2.0,Multiple
eth,"1.2.2.1,4.2.1.2.1.1.i3.1,4.1.i1.1.1.1,2.2.1.1.1,4.2.1.2.1.1.i3.2,4.1.i1.1.2,1.1.1.2.i1,3.1.1.i1,4.2.1.1.1.1.1.1.i2",0.0,0,1,1,8.0,Multiple
eth,1.2.2.2,0.0,0,15,15,1.0,1
eth,"2,4.8",0.0,0,1,1,2.0,Multiple
eth,2.1,0.0,0,5,5,1.0,2
eth,2.2,0.0,0,1,1,1.0,2
eth,"2.2,3",0.0,0,1,1,2.0,Multiple
eth,"2.2,4.8",0.0,0,2,2,2.0,Multiple
eth,2.2.1,9.123505976095618,229,2281,2510,1.0,2
eth,"2.2.1,4",0.0,0,3,3,2.0,Multiple
eth,"2.2.1,4.2",0.0,0,1,1,2.0,Multiple
eth,"2.2.1,4.8",12.5,1,7,8,2.0,Multiple
eth,"2.2.1,4.9",0.0,0,4,4,2.0,Multiple
eth,2.2.1.1,4.3478260869565215,3,66,69,1.0,2
eth,2.2.1.1.1,14.751552795031056,95,549,644,1.0,2
eth,"2.2.1.1.1,2.2.1.1.2",0.0,0,1,1,2.0,Multiple
eth,"2.2.1.1.1,3.1.1.i1",0.0,0,1,1,2.0,Multiple
eth,"2.2.1.1.1,4.2.1.2.1.1",0.0,0,2,2,2.0,Multiple
eth,"2.2.1.1.1,4.2.1.2.1.1.i1",0.0,0,6,6,2.0,Multiple
eth,2.2.1.1.1.i1,0.0,0,6,6,1.0,2
eth,2.2.1.1.1.i2,0.0,0,2,2,1.0,2
eth,2.2.1.1.1.i3,12.5,6,42,48,1.0,2
eth,2.2.1.1.2,8.333333333333334,1,11,12,1.0,2
eth,2.2.1.2,0.0,0,1,1,1.0,2
eth,"2.2.1.2,3.1,4.2.1.1.1.1.1.1.i2",0.0,0,1,1,3.0,Multiple
eth,2.2.2,54.54545454545455,138,115,253,1.0,2
eth,"2.2.2,2.2.1",0.0,0,1,1,2.0,Multiple
eth,"2.2.2,2.2.1.1.1",0.0,0,1,1,2.0,Multiple
eth,3,9.285714285714286,13,127,140,1.0,3
eth,"3,4",0.0,0,1,1,2.0,Multiple
eth,3.1,0.0,0,2,2,1.0,3
eth,"3.1,4.2.1.1.1.1.1.1.i2",0.0,0,1,1,2.0,Multiple
eth,3.1.1,2.027027027027027,3,145,148,1.0,3
eth,"3.1.1,2.2.1.1.1",0.0,0,3,3,2.0,Multiple
eth,"3.1.1,4.1.i1.1.1.1",0.0,0,1,1,2.0,Multiple
eth,"3.1.1,4.2.1.1.1.1.1.1.i2",0.0,0,1,1,2.0,Multiple
eth,"3.1.1,4.2.1.1.1.2.1.1",100.0,1,0,1,2.0,Multiple
eth,3.1.1.,0.0,0,1,1,1.0,3
eth,3.1.1.i1,20.0,3,12,15,1.0,3
eth,3.1.1.i2,0.0,0,29,29,1.0,3
eth,3.1.2,0.0,0,9,9,1.0,3
eth,3.1.2.1,12.5,1,7,8,1.0,3
eth,3.1.2.2,0.0,0,1,1,1.0,3
eth,3.2,0.0,0,1,1,1.0,3
eth,3.2.1,0.0,0,1,1,1.0,3
eth,4,6.666666666666667,3,42,45,1.0,4
eth,4.1,2.702702702702702,1,36,37,1.0,4
eth,4.1.1,25.0,1,3,4,1.0,4
eth,"4.1.1,4.8",0.0,0,1,1,2.0,Multiple
eth,4.1.1.1,6.25,1,15,16,1.0,4
eth,4.1.1.2,20.0,1,4,5,1.0,4
eth,4.1.1.3,39.0625,25,39,64,1.0,4
eth,4.1.2,5.555555555555555,2,34,36,1.0,4
eth,4.1.2.1,10.267857142857142,23,201,224,1.0,4
eth,"4.1.2.1,2.2.1",33.333333333333336,2,4,6,2.0,Multiple
eth,"4.1.2.1,2.2.1,1.1.2",100.0,1,0,1,3.0,Multiple
eth,"4.1.2.1,3",0.0,0,1,1,2.0,Multiple
eth,"4.1.2.1,4.2.1",100.0,1,0,1,2.0,Multiple
eth,"4.1.2.1,4.3.3",100.0,1,0,1,2.0,Multiple
eth,"4.1.2.1,4.4.1.1",0.0,0,1,1,2.0,Multiple
eth,"4.1.2.1,4.8",0.0,0,3,3,2.0,Multiple
eth,4.1.i1.1.1,0.0,0,1,1,1.0,4
eth,4.1.i1.1.1.1,8.239700374531836,22,245,267,1.0,4
eth,"4.1.i1.1.1.1,2.2.1.1.1",0.0,0,2,2,2.0,Multiple
eth,"4.1.i1.1.1.1,4.2.1.2.1.1.i4.1",100.0,2,0,2,2.0,Multiple
eth,"4.1.i1.1.1.1,4.2.1.2.2.1",0.0,0,1,1,2.0,Multiple
eth,4.1.i1.1.1.2,0.0,0,5,5,1.0,4
eth,4.1.i1.1.2,0.0,0,3,3,1.0,4
eth,4.1.i1.2.1,16.793893129770993,22,109,131,1.0,4
eth,"4.1.i1.2.1,2.2.1.1.1",0.0,0,3,3,2.0,Multiple
eth,4.1.i1.2.2,0.0,0,4,4,1.0,4
eth,4.1.i2.1,0.0,0,1,1,1.0,4
eth,"4.1.i2.1,4.2.1.2.1.1.i1",0.0,0,1,1,2.0,Multiple
eth,4.2,0.0,0,2,2,1.0,4
eth,"4.2,4.8",100.0,1,0,1,2.0,Multiple
eth,"4.2,4.9",0.0,0,2,2,2.0,Multiple
eth,4.2.1,56.029684601113175,302,237,539,1.0,4
eth,"4.2.1,2.2.1",73.33333333333333,11,4,15,2.0,Multiple
eth,"4.2.1,2.2.1,4.8",100.0,1,0,1,3.0,Multiple
eth,"4.2.1,4.9",0.0,0,1,1,2.0,Multiple
eth,4.2.1.1.1.1.1.1.i1,15.126050420168069,18,101,119,1.0,4
eth,"4.2.1.1.1.1.1.1.i1,1.2.1.1.1",0.0,0,1,1,2.0,Multiple
eth,"4.2.1.1.1.1.1.1.i1,4.2.1.2.1.1.i1",0.0,0,2,2,2.0,Multiple
eth,4.2.1.1.1.1.1.1.i2,3.125,1,31,32,1.0,4
eth,4.2.1.1.1.1.2,0.0,0,28,28,1.0,4
eth,4.2.1.1.1.2.1.1.1.1.1,5.882352941176471,1,16,17,1.0,4
eth,4.2.1.1.1.2.1.1.1.1.2,0.0,0,7,7,1.0,4
eth,4.2.1.1.1.2.1.2,0.0,0,1,1,1.0,4
eth,4.2.1.1.1.2.2.1.1.1.2,0.0,0,3,3,1.0,4
eth,"4.2.1.1.1.2.2.1.1.1.2,4.2.1.1.1.2.2.1.2,1.1.1.2.i1,3.1,4.2.1.1.1.1.1.1.i2",0.0,0,1,1,5.0,Multiple
eth,4.2.1.1.1.2.2.1.1.2,50.0,1,1,2,1.0,4
eth,4.2.1.1.1.2.2.1.2,0.0,0,1,1,1.0,4
eth,"4.2.1.1.1.2.2.1.2,4.2.1.2.1.1.i3.2",0.0,0,1,1,2.0,Multiple
eth,4.2.1.1.2,8.51063829787234,4,43,47,1.0,4
eth,4.2.1.2.1.1,0.0,0,1,1,1.0,4
eth,4.2.1.2.1.1.i1,7.608695652173913,7,85,92,1.0,4
eth,4.2.1.2.1.1.i2,25.0,2,6,8,1.0,4
eth,4.2.1.2.1.1.i3.1,8.0,4,46,50,1.0,4
eth,"4.2.1.2.1.1.i3.1,2.2.1.1.1",0.0,0,1,1,2.0,Multiple
eth,4.2.1.2.1.1.i3.2,21.428571428571427,9,33,42,1.0,4
eth,4.2.1.2.1.1.i4.1,20.54794520547945,45,174,219,1.0,4
eth,"4.2.1.2.1.1.i4.1,4.2.1.2.1.1.i1",100.0,1,0,1,2.0,Multiple
eth,4.2.1.2.1.2,33.333333333333336,1,2,3,1.0,4
eth,"4.2.1.2.1.2,4.2.1.1.1.2.2.1.1.1.2,4.1.i1.2.2,4.1.i1.1,1.1.1.2.i1,3.1,4.2.1.1.1.2.1.1.1,4.2.1.1.1.1.1.1.i2",0.0,0,1,1,8.0,Multiple
eth,4.2.1.2.2.1,0.0,0,3,3,1.0,4
eth,4.2.1.2.2.1.1,35.59322033898305,21,38,59,1.0,4
eth,4.2.1.2.2.1.2,0.0,0,12,12,1.0,4
eth,4.2.1.2.2.2,0.0,0,21,21,1.0,4
eth,4.2.2,7.407407407407407,2,25,27,1.0,4
eth,4.2.2.1,3.125,1,31,32,1.0,4
eth,4.2.2.2.1,63.1578947368421,12,7,19,1.0,4
eth,4.2.2.2.2,0.0,0,2,2,1.0,4
eth,4.3,0.0,0,1,1,1.0,4
eth,"4.3,4.4.1.2,4.9",0.0,0,2,2,3.0,Multiple
eth,"4.3,4.9",0.0,0,1,1,2.0,Multiple
eth,4.3.1,0.0,0,2,2,1.0,4
eth,4.3.2,13.333333333333334,2,13,15,1.0,4
eth,4.3.2.1,7.407407407407407,2,25,27,1.0,4
eth,4.3.3,28.91891891891892,107,263,370,1.0,4
eth,"4.3.3,2.2.1",0.0,0,1,1,2.0,Multiple
eth,"4.3.3,4.2.1",100.0,2,0,2,2.0,Multiple
eth,"4.3.3,4.8",0.0,0,2,2,2.0,Multiple
eth,4.3.4,0.0,0,2,2,1.0,4
eth,4.3.4.1,16.901408450704224,12,59,71,1.0,4
eth,4.3.4.2,72.09302325581395,62,24,86,1.0,4
eth,4.3.4.2.1,7.6923076923076925,1,12,13,1.0,4
eth,4.4,0.0,0,1,1,1.0,4
eth,4.4.1.1,18.68131868131868,17,74,91,1.0,4
eth,4.4.1.2,0.0,0,12,12,1.0,4
eth,4.4.2,3.7383177570093458,4,103,107,1.0,4
eth,4.5,4.878048780487805,4,78,82,1.0,4
eth,"4.5,4.9",0.0,0,2,2,2.0,Multiple
eth,4.6,0.0,0,9,9,1.0,4
eth,4.6.1.1,0.0,0,8,8,1.0,4
eth,4.6.1.2,50.0,3,3,6,1.0,4
eth,4.6.2,0.0,0,31,31,1.0,4
eth,4.6.2.2,0.0,0,7,7,1.0,4
eth,4.7,0.0,0,34,34,1.0,4
eth,4.8,4.477611940298507,18,384,402,1.0,4
eth,"4.8,4.3.4.1",0.0,0,1,1,2.0,Multiple
eth,"4.8,4.9",0.0,0,1,1,2.0,Multiple
eth,4.9,0.0,0,64,64,1.0,4
eth,5,0.0,0,1,1,1.0,5
eth,6,0.0,0,1,1,1.0,6
eth,"6,BOV_AFRI",0.0,0,4,4,2.0,Multiple
eth,BOV_AFRI,0.0,0,20,20,1.0,Bovine
eth,,0.0,0,8,8,0.0,None
inh,1,0.0,0,1,1,1.0,1
inh,1.1,100.0,1,0,1,1.0,1
inh,1.1.1,100.0,3,0,3,1.0,1
inh,"1.1.1,4.9",0.0,0,1,1,2.0,Multiple
inh,1.1.1.1,33.333333333333336,1,2,3,1.0,1
inh,1.1.1.1.1,21.73913043478261,5,18,23,1.0,1
inh,"1.1.1.1.1,2.2.1.1.1",66.66666666666667,2,1,3,2.0,Multiple
inh,1.1.1.2,20.0,5,20,25,1.0,1
inh,"1.1.1.2,4.2.1.1.1.1.1.1.i2",0.0,0,1,1,2.0,Multiple
inh,"1.1.1.2.i1,2.2.1.1.1.i3",0.0,0,1,1,2.0,Multiple
inh,1.1.2,25.294117647058822,43,127,170,1.0,1
inh,"1.1.2,2.2.1.1.1",0.0,0,2,2,2.0,Multiple
inh,"1.1.2,4",0.0,0,1,1,2.0,Multiple
inh,1.1.3,19.35483870967742,6,25,31,1.0,1
inh,"1.1.3,4.9",0.0,0,2,2,2.0,Multiple
inh,1.2.1,25.0,7,21,28,1.0,1
inh,"1.2.1,4.9",0.0,0,1,1,2.0,Multiple
inh,1.2.1.1.1,25.0,2,6,8,1.0,1
inh,1.2.1.1.2,33.333333333333336,1,2,3,1.0,1
inh,1.2.2,41.02564102564103,16,23,39,1.0,1
inh,"1.2.2,4",0.0,0,1,1,2.0,Multiple
inh,1.2.2.1,51.21951219512195,21,20,41,1.0,1
inh,"1.2.2.1,1.1.2",100.0,1,0,1,2.0,Multiple
inh,"1.2.2.1,2.2.1.1.1",100.0,1,0,1,2.0,Multiple
inh,"1.2.2.1,4",0.0,0,1,1,2.0,Multiple
inh,"1.2.2.1,4.2.1.2.1.1.i3.1,4.1.i1.1.1.1,2.2.1.1.1,4.2.1.2.1.1.i3.2,4.1.i1.1.2,1.1.1.2.i1,3.1.1.i1,4.2.1.1.1.1.1.1.i2",100.0,1,0,1,8.0,Multiple
inh,1.2.2.2,0.0,0,15,15,1.0,1
inh,"2,4.8",0.0,0,1,1,2.0,Multiple
inh,2.1,80.0,4,1,5,1.0,2
inh,2.2,0.0,0,1,1,1.0,2
inh,"2.2,3",0.0,0,1,1,2.0,Multiple
inh,"2.2,4.8",50.0,1,1,2,2.0,Multiple
inh,2.2.1,40.1195219123506,1007,1503,2510,1.0,2
inh,"2.2.1,4",0.0,0,3,3,2.0,Multiple
inh,"2.2.1,4.2",0.0,0,1,1,2.0,Multiple
inh,"2.2.1,4.8",0.0,0,8,8,2.0,Multiple
inh,"2.2.1,4.9",25.0,1,3,4,2.0,Multiple
inh,2.2.1.1,27.536231884057973,19,50,69,1.0,2
inh,2.2.1.1.1,51.08695652173913,329,315,644,1.0,2
inh,"2.2.1.1.1,2.2.1.1.2",100.0,1,0,1,2.0,Multiple
inh,"2.2.1.1.1,3.1.1.i1",0.0,0,1,1,2.0,Multiple
inh,"2.2.1.1.1,4.2.1.2.1.1",0.0,0,2,2,2.0,Multiple
inh,"2.2.1.1.1,4.2.1.2.1.1.i1",0.0,0,6,6,2.0,Multiple
inh,2.2.1.1.1.i1,16.666666666666668,1,5,6,1.0,2
inh,2.2.1.1.1.i2,0.0,0,2,2,1.0,2
inh,2.2.1.1.1.i3,64.58333333333333,31,17,48,1.0,2
inh,2.2.1.1.2,33.333333333333336,4,8,12,1.0,2
inh,2.2.1.2,100.0,1,0,1,1.0,2
inh,"2.2.1.2,3.1,4.2.1.1.1.1.1.1.i2",0.0,0,1,1,3.0,Multiple
inh,2.2.2,75.88932806324111,192,61,253,1.0,2
inh,"2.2.2,2.2.1",0.0,0,1,1,2.0,Multiple
inh,"2.2.2,2.2.1.1.1",0.0,0,1,1,2.0,Multiple
inh,3,48.57142857142857,68,72,140,1.0,3
inh,"3,4",0.0,0,1,1,2.0,Multiple
inh,3.1,0.0,0,2,2,1.0,3
inh,"3.1,4.2.1.1.1.1.1.1.i2",0.0,0,1,1,2.0,Multiple
inh,3.1.1,45.94594594594594,68,80,148,1.0,3
inh,"3.1.1,2.2.1.1.1",100.0,3,0,3,2.0,Multiple
inh,"3.1.1,4.1.i1.1.1.1",100.0,1,0,1,2.0,Multiple
inh,"3.1.1,4.2.1.1.1.1.1.1.i2",0.0,0,1,1,2.0,Multiple
inh,"3.1.1,4.2.1.1.1.2.1.1",100.0,1,0,1,2.0,Multiple
inh,3.1.1.,0.0,0,1,1,1.0,3
inh,3.1.1.i1,33.333333333333336,5,10,15,1.0,3
inh,3.1.1.i2,34.48275862068966,10,19,29,1.0,3
inh,3.1.2,0.0,0,9,9,1.0,3
inh,3.1.2.1,62.5,5,3,8,1.0,3
inh,3.1.2.2,0.0,0,1,1,1.0,3
inh,3.2,0.0,0,1,1,1.0,3
inh,3.2.1,0.0,0,1,1,1.0,3
inh,4,42.22222222222222,19,26,45,1.0,4
inh,4.1,51.35135135135136,19,18,37,1.0,4
inh,4.1.1,75.0,3,1,4,1.0,4
inh,"4.1.1,4.8",100.0,1,0,1,2.0,Multiple
inh,4.1.1.1,50.0,8,8,16,1.0,4
inh,4.1.1.2,20.0,1,4,5,1.0,4
inh,4.1.1.3,78.125,50,14,64,1.0,4
inh,4.1.2,13.88888888888889,5,31,36,1.0,4
inh,4.1.2.1,28.125,63,161,224,1.0,4
inh,"4.1.2.1,2.2.1",83.33333333333333,5,1,6,2.0,Multiple
inh,"4.1.2.1,2.2.1,1.1.2",100.0,1,0,1,3.0,Multiple
inh,"4.1.2.1,3",100.0,1,0,1,2.0,Multiple
inh,"4.1.2.1,4.2.1",100.0,1,0,1,2.0,Multiple
inh,"4.1.2.1,4.3.3",100.0,1,0,1,2.0,Multiple
inh,"4.1.2.1,4.4.1.1",100.0,1,0,1,2.0,Multiple
inh,"4.1.2.1,4.8",0.0,0,3,3,2.0,Multiple
inh,4.1.i1.1.1,0.0,0,1,1,1.0,4
inh,4.1.i1.1.1.1,25.093632958801496,67,200,267,1.0,4
inh,"4.1.i1.1.1.1,2.2.1.1.1",0.0,0,2,2,2.0,Multiple
inh,"4.1.i1.1.1.1,4.2.1.2.1.1.i4.1",100.0,2,0,2,2.0,Multiple
inh,"4.1.i1.1.1.1,4.2.1.2.2.1",0.0,0,1,1,2.0,Multiple
inh,4.1.i1.1.1.2,40.0,2,3,5,1.0,4
inh,4.1.i1.1.2,100.0,3,0,3,1.0,4
inh,4.1.i1.2.1,25.19083969465649,33,98,131,1.0,4
inh,"4.1.i1.2.1,2.2.1.1.1",0.0,0,3,3,2.0,Multiple
inh,4.1.i1.2.2,0.0,0,4,4,1.0,4
inh,4.1.i2.1,0.0,0,1,1,1.0,4
inh,"4.1.i2.1,4.2.1.2.1.1.i1",100.0,1,0,1,2.0,Multiple
inh,4.2,0.0,0,2,2,1.0,4
inh,"4.2,4.8",100.0,1,0,1,2.0,Multiple
inh,"4.2,4.9",50.0,1,1,2,2.0,Multiple
inh,4.2.1,67.90352504638219,366,173,539,1.0,4
inh,"4.2.1,2.2.1",100.0,15,0,15,2.0,Multiple
inh,"4.2.1,2.2.1,4.8",100.0,1,0,1,3.0,Multiple
inh,"4.2.1,4.9",0.0,0,1,1,2.0,Multiple
inh,4.2.1.1.1.1.1.1.i1,34.45378151260504,41,78,119,1.0,4
inh,"4.2.1.1.1.1.1.1.i1,1.2.1.1.1",0.0,0,1,1,2.0,Multiple
inh,"4.2.1.1.1.1.1.1.i1,4.2.1.2.1.1.i1",0.0,0,2,2,2.0,Multiple
inh,4.2.1.1.1.1.1.1.i2,28.125,9,23,32,1.0,4
inh,4.2.1.1.1.1.2,100.0,28,0,28,1.0,4
inh,4.2.1.1.1.2.1.1.1.1.1,11.764705882352942,2,15,17,1.0,4
inh,4.2.1.1.1.2.1.1.1.1.2,14.285714285714286,1,6,7,1.0,4
inh,4.2.1.1.1.2.1.2,0.0,0,1,1,1.0,4
inh,4.2.1.1.1.2.2.1.1.1.2,100.0,3,0,3,1.0,4
inh,"4.2.1.1.1.2.2.1.1.1.2,4.2.1.1.1.2.2.1.2,1.1.1.2.i1,3.1,4.2.1.1.1.1.1.1.i2",100.0,1,0,1,5.0,Multiple
inh,4.2.1.1.1.2.2.1.1.2,50.0,1,1,2,1.0,4
inh,4.2.1.1.1.2.2.1.2,100.0,1,0,1,1.0,4
inh,"4.2.1.1.1.2.2.1.2,4.2.1.2.1.1.i3.2",100.0,1,0,1,2.0,Multiple
inh,4.2.1.1.2,19.148936170212767,9,38,47,1.0,4
inh,4.2.1.2.1.1,0.0,0,1,1,1.0,4
inh,4.2.1.2.1.1.i1,17.391304347826086,16,76,92,1.0,4
inh,4.2.1.2.1.1.i2,87.5,7,1,8,1.0,4
inh,4.2.1.2.1.1.i3.1,58.0,29,21,50,1.0,4
inh,"4.2.1.2.1.1.i3.1,2.2.1.1.1",100.0,1,0,1,2.0,Multiple
inh,4.2.1.2.1.1.i3.2,59.523809523809526,25,17,42,1.0,4
inh,4.2.1.2.1.1.i4.1,63.92694063926941,140,79,219,1.0,4
inh,"4.2.1.2.1.1.i4.1,4.2.1.2.1.1.i1",100.0,1,0,1,2.0,Multiple
inh,4.2.1.2.1.2,33.333333333333336,1,2,3,1.0,4
inh,"4.2.1.2.1.2,4.2.1.1.1.2.2.1.1.1.2,4.1.i1.2.2,4.1.i1.1,1.1.1.2.i1,3.1,4.2.1.1.1.2.1.1.1,4.2.1.1.1.1.1.1.i2",0.0,0,1,1,8.0,Multiple
inh,4.2.1.2.2.1,33.333333333333336,1,2,3,1.0,4
inh,4.2.1.2.2.1.1,57.6271186440678,34,25,59,1.0,4
inh,4.2.1.2.2.1.2,25.0,3,9,12,1.0,4
inh,4.2.1.2.2.2,14.285714285714286,3,18,21,1.0,4
inh,4.2.2,48.14814814814815,13,14,27,1.0,4
inh,4.2.2.1,62.5,20,12,32,1.0,4
inh,4.2.2.2.1,84.21052631578948,16,3,19,1.0,4
inh,4.2.2.2.2,100.0,2,0,2,1.0,4
inh,4.3,0.0,0,1,1,1.0,4
inh,"4.3,4.4.1.2,4.9",0.0,0,2,2,3.0,Multiple
inh,"4.3,4.9",0.0,0,1,1,2.0,Multiple
inh,4.3.1,0.0,0,2,2,1.0,4
inh,4.3.2,46.66666666666666,7,8,15,1.0,4
inh,4.3.2.1,48.14814814814815,13,14,27,1.0,4
inh,4.3.3,46.21621621621622,171,199,370,1.0,4
inh,"4.3.3,2.2.1",0.0,0,1,1,2.0,Multiple
inh,"4.3.3,4.2.1",100.0,2,0,2,2.0,Multiple
inh,"4.3.3,4.8",0.0,0,2,2,2.0,Multiple
inh,4.3.4,100.0,2,0,2,1.0,4
inh,4.3.4.1,29.5774647887324,21,50,71,1.0,4
inh,4.3.4.2,94.18604651162792,81,5,86,1.0,4
inh,4.3.4.2.1,61.53846153846154,8,5,13,1.0,4
inh,4.4,0.0,0,1,1,1.0,4
inh,4.4.1.1,68.13186813186813,62,29,91,1.0,4
inh,4.4.1.2,8.333333333333334,1,11,12,1.0,4
inh,4.4.2,18.69158878504673,20,87,107,1.0,4
inh,4.5,23.170731707317078,19,63,82,1.0,4
inh,"4.5,4.9",0.0,0,2,2,2.0,Multiple
inh,4.6,77.77777777777777,7,2,9,1.0,4
inh,4.6.1.1,25.0,2,6,8,1.0,4
inh,4.6.1.2,83.33333333333333,5,1,6,1.0,4
inh,4.6.2,87.09677419354838,27,4,31,1.0,4
inh,4.6.2.2,14.285714285714286,1,6,7,1.0,4
inh,4.7,38.23529411764706,13,21,34,1.0,4
inh,4.8,15.671641791044776,63,339,402,1.0,4
inh,"4.8,4.3.4.1",0.0,0,1,1,2.0,Multiple
inh,"4.8,4.9",0.0,0,1,1,2.0,Multiple
inh,4.9,12.5,8,56,64,1.0,4
inh,5,0.0,0,1,1,1.0,5
inh,6,0.0,0,1,1,1.0,6
inh,"6,BOV_AFRI",50.0,2,2,4,2.0,Multiple
inh,BOV_AFRI,95.0,19,1,20,1.0,Bovine
inh,,25.0,2,6,8,0.0,None
kan,1,0.0,0,1,1,1.0,1
kan,1.1,0.0,0,1,1,1.0,1
kan,1.1.1,0.0,0,3,3,1.0,1
kan,"1.1.1,4.9",0.0,0,1,1,2.0,Multiple
kan,1.1.1.1,0.0,0,3,3,1.0,1
kan,1.1.1.1.1,0.0,0,23,23,1.0,1
kan,"1.1.1.1.1,2.2.1.1.1",0.0,0,3,3,2.0,Multiple
kan,1.1.1.2,0.0,0,25,25,1.0,1
kan,"1.1.1.2,4.2.1.1.1.1.1.1.i2",0.0,0,1,1,2.0,Multiple
kan,"1.1.1.2.i1,2.2.1.1.1.i3",0.0,0,1,1,2.0,Multiple
kan,1.1.2,3.5294117647058822,6,164,170,1.0,1
kan,"1.1.2,2.2.1.1.1",0.0,0,2,2,2.0,Multiple
kan,"1.1.2,4",0.0,0,1,1,2.0,Multiple
kan,1.1.3,0.0,0,31,31,1.0,1
kan,"1.1.3,4.9",0.0,0,2,2,2.0,Multiple
kan,1.2.1,3.571428571428572,1,27,28,1.0,1
kan,"1.2.1,4.9",0.0,0,1,1,2.0,Multiple
kan,1.2.1.1.1,12.5,1,7,8,1.0,1
kan,1.2.1.1.2,0.0,0,3,3,1.0,1
kan,1.2.2,0.0,0,39,39,1.0,1
kan,"1.2.2,4",0.0,0,1,1,2.0,Multiple
kan,1.2.2.1,0.0,0,41,41,1.0,1
kan,"1.2.2.1,1.1.2",0.0,0,1,1,2.0,Multiple
kan,"1.2.2.1,2.2.1.1.1",0.0,0,1,1,2.0,Multiple
kan,"1.2.2.1,4",0.0,0,1,1,2.0,Multiple
kan,"1.2.2.1,4.2.1.2.1.1.i3.1,4.1.i1.1.1.1,2.2.1.1.1,4.2.1.2.1.1.i3.2,4.1.i1.1.2,1.1.1.2.i1,3.1.1.i1,4.2.1.1.1.1.1.1.i2",0.0,0,1,1,8.0,Multiple
kan,1.2.2.2,0.0,0,15,15,1.0,1
kan,"2,4.8",0.0,0,1,1,2.0,Multiple
kan,2.1,20.0,1,4,5,1.0,2
kan,2.2,0.0,0,1,1,1.0,2
kan,"2.2,3",0.0,0,1,1,2.0,Multiple
kan,"2.2,4.8",0.0,0,2,2,2.0,Multiple
kan,2.2.1,4.223107569721115,106,2404,2510,1.0,2
kan,"2.2.1,4",33.333333333333336,1,2,3,2.0,Multiple
kan,"2.2.1,4.2",0.0,0,1,1,2.0,Multiple
kan,"2.2.1,4.8",0.0,0,8,8,2.0,Multiple
kan,"2.2.1,4.9",0.0,0,4,4,2.0,Multiple
kan,2.2.1.1,7.246376811594203,5,64,69,1.0,2
kan,2.2.1.1.1,6.211180124223603,40,604,644,1.0,2
kan,"2.2.1.1.1,2.2.1.1.2",100.0,1,0,1,2.0,Multiple
kan,"2.2.1.1.1,3.1.1.i1",0.0,0,1,1,2.0,Multiple
kan,"2.2.1.1.1,4.2.1.2.1.1",0.0,0,2,2,2.0,Multiple
kan,"2.2.1.1.1,4.2.1.2.1.1.i1",0.0,0,6,6,2.0,Multiple
kan,2.2.1.1.1.i1,0.0,0,6,6,1.0,2
kan,2.2.1.1.1.i2,0.0,0,2,2,1.0,2
kan,2.2.1.1.1.i3,10.416666666666666,5,43,48,1.0,2
kan,2.2.1.1.2,8.333333333333334,1,11,12,1.0,2
kan,2.2.1.2,0.0,0,1,1,1.0,2
kan,"2.2.1.2,3.1,4.2.1.1.1.1.1.1.i2",0.0,0,1,1,3.0,Multiple
kan,2.2.2,51.77865612648221,131,122,253,1.0,2
kan,"2.2.2,2.2.1",0.0,0,1,1,2.0,Multiple
kan,"2.2.2,2.2.1.1.1",0.0,0,1,1,2.0,Multiple
kan,3,17.142857142857142,24,116,140,1.0,3
kan,"3,4",0.0,0,1,1,2.0,Multiple
kan,3.1,0.0,0,2,2,1.0,3
kan,"3.1,4.2.1.1.1.1.1.1.i2",0.0,0,1,1,2.0,Multiple
kan,3.1.1,4.72972972972973,7,141,148,1.0,3
kan,"3.1.1,2.2.1.1.1",66.66666666666667,2,1,3,2.0,Multiple
kan,"3.1.1,4.1.i1.1.1.1",0.0,0,1,1,2.0,Multiple
kan,"3.1.1,4.2.1.1.1.1.1.1.i2",0.0,0,1,1,2.0,Multiple
kan,"3.1.1,4.2.1.1.1.2.1.1",0.0,0,1,1,2.0,Multiple
kan,3.1.1.,0.0,0,1,1,1.0,3
kan,3.1.1.i1,0.0,0,15,15,1.0,3
kan,3.1.1.i2,10.344827586206897,3,26,29,1.0,3
kan,3.1.2,0.0,0,9,9,1.0,3
kan,3.1.2.1,0.0,0,8,8,1.0,3
kan,3.1.2.2,0.0,0,1,1,1.0,3
kan,3.2,0.0,0,1,1,1.0,3
kan,3.2.1,0.0,0,1,1,1.0,3
kan,4,6.666666666666667,3,42,45,1.0,4
kan,4.1,0.0,0,37,37,1.0,4
kan,4.1.1,25.0,1,3,4,1.0,4
kan,"4.1.1,4.8",0.0,0,1,1,2.0,Multiple
kan,4.1.1.1,0.0,0,16,16,1.0,4
kan,4.1.1.2,0.0,0,5,5,1.0,4
kan,4.1.1.3,14.0625,9,55,64,1.0,4
kan,4.1.2,0.0,0,36,36,1.0,4
kan,4.1.2.1,5.803571428571429,13,211,224,1.0,4
kan,"4.1.2.1,2.2.1",0.0,0,6,6,2.0,Multiple
kan,"4.1.2.1,2.2.1,1.1.2",100.0,1,0,1,3.0,Multiple
kan,"4.1.2.1,3",0.0,0,1,1,2.0,Multiple
kan,"4.1.2.1,4.2.1",0.0,0,1,1,2.0,Multiple
kan,"4.1.2.1,4.3.3",0.0,0,1,1,2.0,Multiple
kan,"4.1.2.1,4.4.1.1",0.0,0,1,1,2.0,Multiple
kan,"4.1.2.1,4.8",0.0,0,3,3,2.0,Multiple
kan,4.1.i1.1.1,0.0,0,1,1,1.0,4
kan,4.1.i1.1.1.1,3.745318352059925,10,257,267,1.0,4
kan,"4.1.i1.1.1.1,2.2.1.1.1",0.0,0,2,2,2.0,Multiple
kan,"4.1.i1.1.1.1,4.2.1.2.1.1.i4.1",0.0,0,2,2,2.0,Multiple
kan,"4.1.i1.1.1.1,4.2.1.2.2.1",0.0,0,1,1,2.0,Multiple
kan,4.1.i1.1.1.2,0.0,0,5,5,1.0,4
kan,4.1.i1.1.2,0.0,0,3,3,1.0,4
kan,4.1.i1.2.1,2.2900763358778624,3,128,131,1.0,4
kan,"4.1.i1.2.1,2.2.1.1.1",0.0,0,3,3,2.0,Multiple
kan,4.1.i1.2.2,0.0,0,4,4,1.0,4
kan,4.1.i2.1,0.0,0,1,1,1.0,4
kan,"4.1.i2.1,4.2.1.2.1.1.i1",0.0,0,1,1,2.0,Multiple
kan,4.2,0.0,0,2,2,1.0,4
kan,"4.2,4.8",0.0,0,1,1,2.0,Multiple
kan,"4.2,4.9",0.0,0,2,2,2.0,Multiple
kan,4.2.1,1.484230055658627,8,531,539,1.0,4
kan,"4.2.1,2.2.1",0.0,0,15,15,2.0,Multiple
kan,"4.2.1,2.2.1,4.8",0.0,0,1,1,3.0,Multiple
kan,"4.2.1,4.9",0.0,0,1,1,2.0,Multiple
kan,4.2.1.1.1.1.1.1.i1,6.722689075630252,8,111,119,1.0,4
kan,"4.2.1.1.1.1.1.1.i1,1.2.1.1.1",0.0,0,1,1,2.0,Multiple
kan,"4.2.1.1.1.1.1.1.i1,4.2.1.2.1.1.i1",0.0,0,2,2,2.0,Multiple
kan,4.2.1.1.1.1.1.1.i2,3.125,1,31,32,1.0,4
kan,4.2.1.1.1.1.2,0.0,0,28,28,1.0,4
kan,4.2.1.1.1.2.1.1.1.1.1,0.0,0,17,17,1.0,4
kan,4.2.1.1.1.2.1.1.1.1.2,14.285714285714286,1,6,7,1.0,4
kan,4.2.1.1.1.2.1.2,0.0,0,1,1,1.0,4
kan,4.2.1.1.1.2.2.1.1.1.2,0.0,0,3,3,1.0,4
kan,"4.2.1.1.1.2.2.1.1.1.2,4.2.1.1.1.2.2.1.2,1.1.1.2.i1,3.1,4.2.1.1.1.1.1.1.i2",0.0,0,1,1,5.0,Multiple
kan,4.2.1.1.1.2.2.1.1.2,0.0,0,2,2,1.0,4
kan,4.2.1.1.1.2.2.1.2,0.0,0,1,1,1.0,4
kan,"4.2.1.1.1.2.2.1.2,4.2.1.2.1.1.i3.2",0.0,0,1,1,2.0,Multiple
kan,4.2.1.1.2,0.0,0,47,47,1.0,4
kan,4.2.1.2.1.1,0.0,0,1,1,1.0,4
kan,4.2.1.2.1.1.i1,2.1739130434782608,2,90,92,1.0,4
kan,4.2.1.2.1.1.i2,0.0,0,8,8,1.0,4
kan,4.2.1.2.1.1.i3.1,8.0,4,46,50,1.0,4
kan,"4.2.1.2.1.1.i3.1,2.2.1.1.1",100.0,1,0,1,2.0,Multiple
kan,4.2.1.2.1.1.i3.2,0.0,0,42,42,1.0,4
kan,4.2.1.2.1.1.i4.1,7.762557077625571,17,202,219,1.0,4
kan,"4.2.1.2.1.1.i4.1,4.2.1.2.1.1.i1",0.0,0,1,1,2.0,Multiple
kan,4.2.1.2.1.2,0.0,0,3,3,1.0,4
kan,"4.2.1.2.1.2,4.2.1.1.1.2.2.1.1.1.2,4.1.i1.2.2,4.1.i1.1,1.1.1.2.i1,3.1,4.2.1.1.1.2.1.1.1,4.2.1.1.1.1.1.1.i2",0.0,0,1,1,8.0,Multiple
kan,4.2.1.2.2.1,0.0,0,3,3,1.0,4
kan,4.2.1.2.2.1.1,0.0,0,59,59,1.0,4
kan,4.2.1.2.2.1.2,0.0,0,12,12,1.0,4
kan,4.2.1.2.2.2,0.0,0,21,21,1.0,4
kan,4.2.2,3.703703703703704,1,26,27,1.0,4
kan,4.2.2.1,15.625,5,27,32,1.0,4
kan,4.2.2.2.1,0.0,0,19,19,1.0,4
kan,4.2.2.2.2,0.0,0,2,2,1.0,4
kan,4.3,0.0,0,1,1,1.0,4
kan,"4.3,4.4.1.2,4.9",0.0,0,2,2,3.0,Multiple
kan,"4.3,4.9",0.0,0,1,1,2.0,Multiple
kan,4.3.1,0.0,0,2,2,1.0,4
kan,4.3.2,0.0,0,15,15,1.0,4
kan,4.3.2.1,14.814814814814817,4,23,27,1.0,4
kan,4.3.3,17.027027027027028,63,307,370,1.0,4
kan,"4.3.3,2.2.1",0.0,0,1,1,2.0,Multiple
kan,"4.3.3,4.2.1",0.0,0,2,2,2.0,Multiple
kan,"4.3.3,4.8",0.0,0,2,2,2.0,Multiple
kan,4.3.4,0.0,0,2,2,1.0,4
kan,4.3.4.1,2.816901408450704,2,69,71,1.0,4
kan,4.3.4.2,24.41860465116279,21,65,86,1.0,4
kan,4.3.4.2.1,0.0,0,13,13,1.0,4
kan,4.4,0.0,0,1,1,1.0,4
kan,4.4.1.1,3.2967032967032965,3,88,91,1.0,4
kan,4.4.1.2,0.0,0,12,12,1.0,4
kan,4.4.2,0.9345794392523364,1,106,107,1.0,4
kan,4.5,1.2195121951219512,1,81,82,1.0,4
kan,"4.5,4.9",0.0,0,2,2,2.0,Multiple
kan,4.6,11.11111111111111,1,8,9,1.0,4
kan,4.6.1.1,0.0,0,8,8,1.0,4
kan,4.6.1.2,16.666666666666668,1,5,6,1.0,4
kan,4.6.2,0.0,0,31,31,1.0,4
kan,4.6.2.2,0.0,0,7,7,1.0,4
kan,4.7,8.823529411764707,3,31,34,1.0,4
kan,4.8,1.7412935323383083,7,395,402,1.0,4
kan,"4.8,4.3.4.1",0.0,0,1,1,2.0,Multiple
kan,"4.8,4.9",0.0,0,1,1,2.0,Multiple
kan,4.9,3.125,2,62,64,1.0,4
kan,5,0.0,0,1,1,1.0,5
kan,6,0.0,0,1,1,1.0,6
kan,"6,BOV_AFRI",0.0,0,4,4,2.0,Multiple
kan,BOV_AFRI,0.0,0,20,20,1.0,Bovine
kan,,0.0,0,8,8,0.0,None
levo,1,0.0,0,1,1,1.0,1
levo,1.1,0.0,0,1,1,1.0,1
levo,1.1.1,66.66666666666667,2,1,3,1.0,1
levo,"1.1.1,4.9",0.0,0,1,1,2.0,Multiple
levo,1.1.1.1,0.0,0,3,3,1.0,1
levo,1.1.1.1.1,0.0,0,23,23,1.0,1
levo,"1.1.1.1.1,2.2.1.1.1",0.0,0,3,3,2.0,Multiple
levo,1.1.1.2,0.0,0,25,25,1.0,1
levo,"1.1.1.2,4.2.1.1.1.1.1.1.i2",0.0,0,1,1,2.0,Multiple
levo,"1.1.1.2.i1,2.2.1.1.1.i3",0.0,0,1,1,2.0,Multiple
levo,1.1.2,3.5294117647058822,6,164,170,1.0,1
levo,"1.1.2,2.2.1.1.1",50.0,1,1,2,2.0,Multiple
levo,"1.1.2,4",0.0,0,1,1,2.0,Multiple
levo,1.1.3,0.0,0,31,31,1.0,1
levo,"1.1.3,4.9",0.0,0,2,2,2.0,Multiple
levo,1.2.1,0.0,0,28,28,1.0,1
levo,"1.2.1,4.9",0.0,0,1,1,2.0,Multiple
levo,1.2.1.1.1,0.0,0,8,8,1.0,1
levo,1.2.1.1.2,0.0,0,3,3,1.0,1
levo,1.2.2,2.5641025641025643,1,38,39,1.0,1
levo,"1.2.2,4",0.0,0,1,1,2.0,Multiple
levo,1.2.2.1,4.878048780487805,2,39,41,1.0,1
levo,"1.2.2.1,1.1.2",0.0,0,1,1,2.0,Multiple
levo,"1.2.2.1,2.2.1.1.1",100.0,1,0,1,2.0,Multiple
levo,"1.2.2.1,4",0.0,0,1,1,2.0,Multiple
levo,"1.2.2.1,4.2.1.2.1.1.i3.1,4.1.i1.1.1.1,2.2.1.1.1,4.2.1.2.1.1.i3.2,4.1.i1.1.2,1.1.1.2.i1,3.1.1.i1,4.2.1.1.1.1.1.1.i2",0.0,0,1,1,8.0,Multiple
levo,1.2.2.2,0.0,0,15,15,1.0,1
levo,"2,4.8",0.0,0,1,1,2.0,Multiple
levo,2.1,40.0,2,3,5,1.0,2
levo,2.2,0.0,0,1,1,1.0,2
levo,"2.2,3",0.0,0,1,1,2.0,Multiple
levo,"2.2,4.8",0.0,0,2,2,2.0,Multiple
levo,2.2.1,9.402390438247012,236,2274,2510,1.0,2
levo,"2.2.1,4",33.333333333333336,1,2,3,2.0,Multiple
levo,"2.2.1,4.2",0.0,0,1,1,2.0,Multiple
levo,"2.2.1,4.8",0.0,0,8,8,2.0,Multiple
levo,"2.2.1,4.9",25.0,1,3,4,2.0,Multiple
levo,2.2.1.1,2.898550724637681,2,67,69,1.0,2
levo,2.2.1.1.1,23.4472049689441,151,493,644,1.0,2
levo,"2.2.1.1.1,2.2.1.1.2",0.0,0,1,1,2.0,Multiple
levo,"2.2.1.1.1,3.1.1.i1",0.0,0,1,1,2.0,Multiple
levo,"2.2.1.1.1,4.2.1.2.1.1",0.0,0,2,2,2.0,Multiple
levo,"2.2.1.1.1,4.2.1.2.1.1.i1",0.0,0,6,6,2.0,Multiple
levo,2.2.1.1.1.i1,0.0,0,6,6,1.0,2
levo,2.2.1.1.1.i2,0.0,0,2,2,1.0,2
levo,2.2.1.1.1.i3,22.916666666666668,11,37,48,1.0,2
levo,2.2.1.1.2,25.0,3,9,12,1.0,2
levo,2.2.1.2,0.0,0,1,1,1.0,2
levo,"2.2.1.2,3.1,4.2.1.1.1.1.1.1.i2",0.0,0,1,1,3.0,Multiple
levo,2.2.2,30.8300395256917,78,175,253,1.0,2
levo,"2.2.2,2.2.1",0.0,0,1,1,2.0,Multiple
levo,"2.2.2,2.2.1.1.1",0.0,0,1,1,2.0,Multiple
levo,3,8.571428571428571,12,128,140,1.0,3
levo,"3,4",0.0,0,1,1,2.0,Multiple
levo,3.1,0.0,0,2,2,1.0,3
levo,"3.1,4.2.1.1.1.1.1.1.i2",0.0,0,1,1,2.0,Multiple
levo,3.1.1,15.54054054054054,23,125,148,1.0,3
levo,"3.1.1,2.2.1.1.1",33.333333333333336,1,2,3,2.0,Multiple
levo,"3.1.1,4.1.i1.1.1.1",0.0,0,1,1,2.0,Multiple
levo,"3.1.1,4.2.1.1.1.1.1.1.i2",0.0,0,1,1,2.0,Multiple
levo,"3.1.1,4.2.1.1.1.2.1.1",0.0,0,1,1,2.0,Multiple
levo,3.1.1.,0.0,0,1,1,1.0,3
levo,3.1.1.i1,6.666666666666667,1,14,15,1.0,3
levo,3.1.1.i2,17.24137931034483,5,24,29,1.0,3
levo,3.1.2,0.0,0,9,9,1.0,3
levo,3.1.2.1,0.0,0,8,8,1.0,3
levo,3.1.2.2,0.0,0,1,1,1.0,3
levo,3.2,0.0,0,1,1,1.0,3
levo,3.2.1,0.0,0,1,1,1.0,3
levo,4,2.2222222222222223,1,44,45,1.0,4
levo,4.1,0.0,0,37,37,1.0,4
levo,4.1.1,50.0,2,2,4,1.0,4
levo,"4.1.1,4.8",0.0,0,1,1,2.0,Multiple
levo,4.1.1.1,0.0,0,16,16,1.0,4
levo,4.1.1.2,0.0,0,5,5,1.0,4
levo,4.1.1.3,12.5,8,56,64,1.0,4
levo,4.1.2,0.0,0,36,36,1.0,4
levo,4.1.2.1,1.7857142857142858,4,220,224,1.0,4
levo,"4.1.2.1,2.2.1",0.0,0,6,6,2.0,Multiple
levo,"4.1.2.1,2.2.1,1.1.2",100.0,1,0,1,3.0,Multiple
levo,"4.1.2.1,3",0.0,0,1,1,2.0,Multiple
levo,"4.1.2.1,4.2.1",0.0,0,1,1,2.0,Multiple
levo,"4.1.2.1,4.3.3",0.0,0,1,1,2.0,Multiple
levo,"4.1.2.1,4.4.1.1",0.0,0,1,1,2.0,Multiple
levo,"4.1.2.1,4.8",0.0,0,3,3,2.0,Multiple
levo,4.1.i1.1.1,0.0,0,1,1,1.0,4
levo,4.1.i1.1.1.1,6.367041198501872,17,250,267,1.0,4
levo,"4.1.i1.1.1.1,2.2.1.1.1",0.0,0,2,2,2.0,Multiple
levo,"4.1.i1.1.1.1,4.2.1.2.1.1.i4.1",0.0,0,2,2,2.0,Multiple
levo,"4.1.i1.1.1.1,4.2.1.2.2.1",0.0,0,1,1,2.0,Multiple
levo,4.1.i1.1.1.2,20.0,1,4,5,1.0,4
levo,4.1.i1.1.2,33.333333333333336,1,2,3,1.0,4
levo,4.1.i1.2.1,6.870229007633588,9,122,131,1.0,4
levo,"4.1.i1.2.1,2.2.1.1.1",0.0,0,3,3,2.0,Multiple
levo,4.1.i1.2.2,0.0,0,4,4,1.0,4
levo,4.1.i2.1,0.0,0,1,1,1.0,4
levo,"4.1.i2.1,4.2.1.2.1.1.i1",0.0,0,1,1,2.0,Multiple
levo,4.2,0.0,0,2,2,1.0,4
levo,"4.2,4.8",0.0,0,1,1,2.0,Multiple
levo,"4.2,4.9",0.0,0,2,2,2.0,Multiple
levo,4.2.1,10.018552875695732,54,485,539,1.0,4
levo,"4.2.1,2.2.1",20.0,3,12,15,2.0,Multiple
levo,"4.2.1,2.2.1,4.8",0.0,0,1,1,3.0,Multiple
levo,"4.2.1,4.9",0.0,0,1,1,2.0,Multiple
levo,4.2.1.1.1.1.1.1.i1,10.92436974789916,13,106,119,1.0,4
levo,"4.2.1.1.1.1.1.1.i1,1.2.1.1.1",0.0,0,1,1,2.0,Multiple
levo,"4.2.1.1.1.1.1.1.i1,4.2.1.2.1.1.i1",0.0,0,2,2,2.0,Multiple
levo,4.2.1.1.1.1.1.1.i2,12.5,4,28,32,1.0,4
levo,4.2.1.1.1.1.2,0.0,0,28,28,1.0,4
levo,4.2.1.1.1.2.1.1.1.1.1,5.882352941176471,1,16,17,1.0,4
levo,4.2.1.1.1.2.1.1.1.1.2,0.0,0,7,7,1.0,4
levo,4.2.1.1.1.2.1.2,0.0,0,1,1,1.0,4
levo,4.2.1.1.1.2.2.1.1.1.2,0.0,0,3,3,1.0,4
levo,"4.2.1.1.1.2.2.1.1.1.2,4.2.1.1.1.2.2.1.2,1.1.1.2.i1,3.1,4.2.1.1.1.1.1.1.i2",0.0,0,1,1,5.0,Multiple
levo,4.2.1.1.1.2.2.1.1.2,0.0,0,2,2,1.0,4
levo,4.2.1.1.1.2.2.1.2,0.0,0,1,1,1.0,4
levo,"4.2.1.1.1.2.2.1.2,4.2.1.2.1.1.i3.2",100.0,1,0,1,2.0,Multiple
levo,4.2.1.1.2,6.382978723404255,3,44,47,1.0,4
levo,4.2.1.2.1.1,0.0,0,1,1,1.0,4
levo,4.2.1.2.1.1.i1,3.260869565217391,3,89,92,1.0,4
levo,4.2.1.2.1.1.i2,0.0,0,8,8,1.0,4
levo,4.2.1.2.1.1.i3.1,8.0,4,46,50,1.0,4
levo,"4.2.1.2.1.1.i3.1,2.2.1.1.1",100.0,1,0,1,2.0,Multiple
levo,4.2.1.2.1.1.i3.2,4.761904761904762,2,40,42,1.0,4
levo,4.2.1.2.1.1.i4.1,11.415525114155251,25,194,219,1.0,4
levo,"4.2.1.2.1.1.i4.1,4.2.1.2.1.1.i1",0.0,0,1,1,2.0,Multiple
levo,4.2.1.2.1.2,0.0,0,3,3,1.0,4
levo,"4.2.1.2.1.2,4.2.1.1.1.2.2.1.1.1.2,4.1.i1.2.2,4.1.i1.1,1.1.1.2.i1,3.1,4.2.1.1.1.2.1.1.1,4.2.1.1.1.1.1.1.i2",0.0,0,1,1,8.0,Multiple
levo,4.2.1.2.2.1,0.0,0,3,3,1.0,4
levo,4.2.1.2.2.1.1,33.898305084745765,20,39,59,1.0,4
levo,4.2.1.2.2.1.2,8.333333333333334,1,11,12,1.0,4
levo,4.2.1.2.2.2,0.0,0,21,21,1.0,4
levo,4.2.2,3.703703703703704,1,26,27,1.0,4
levo,4.2.2.1,9.375,3,29,32,1.0,4
levo,4.2.2.2.1,10.526315789473683,2,17,19,1.0,4
levo,4.2.2.2.2,0.0,0,2,2,1.0,4
levo,4.3,0.0,0,1,1,1.0,4
levo,"4.3,4.4.1.2,4.9",0.0,0,2,2,3.0,Multiple
levo,"4.3,4.9",0.0,0,1,1,2.0,Multiple
levo,4.3.1,0.0,0,2,2,1.0,4
levo,4.3.2,6.666666666666667,1,14,15,1.0,4
levo,4.3.2.1,0.0,0,27,27,1.0,4
levo,4.3.3,15.675675675675675,58,312,370,1.0,4
levo,"4.3.3,2.2.1",0.0,0,1,1,2.0,Multiple
levo,"4.3.3,4.2.1",50.0,1,1,2,2.0,Multiple
levo,"4.3.3,4.8",0.0,0,2,2,2.0,Multiple
levo,4.3.4,0.0,0,2,2,1.0,4
levo,4.3.4.1,1.408450704225352,1,70,71,1.0,4
levo,4.3.4.2,23.25581395348837,20,66,86,1.0,4
levo,4.3.4.2.1,7.6923076923076925,1,12,13,1.0,4
levo,4.4,0.0,0,1,1,1.0,4
levo,4.4.1.1,3.2967032967032965,3,88,91,1.0,4
levo,4.4.1.2,0.0,0,12,12,1.0,4
levo,4.4.2,4.672897196261682,5,102,107,1.0,4
levo,4.5,3.658536585365854,3,79,82,1.0,4
levo,"4.5,4.9",0.0,0,2,2,2.0,Multiple
levo,4.6,22.22222222222222,2,7,9,1.0,4
levo,4.6.1.1,0.0,0,8,8,1.0,4
levo,4.6.1.2,0.0,0,6,6,1.0,4
levo,4.6.2,0.0,0,31,31,1.0,4
levo,4.6.2.2,0.0,0,7,7,1.0,4
levo,4.7,17.647058823529413,6,28,34,1.0,4
levo,4.8,2.238805970149253,9,393,402,1.0,4
levo,"4.8,4.3.4.1",0.0,0,1,1,2.0,Multiple
levo,"4.8,4.9",0.0,0,1,1,2.0,Multiple
levo,4.9,7.8125,5,59,64,1.0,4
levo,5,0.0,0,1,1,1.0,5
levo,6,0.0,0,1,1,1.0,6
levo,"6,BOV_AFRI",50.0,2,2,4,2.0,Multiple
levo,BOV_AFRI,0.0,0,20,20,1.0,Bovine
levo,,0.0,0,8,8,0.0,None
oflx,1,0.0,0,1,1,1.0,1
oflx,1.1,0.0,0,1,1,1.0,1
oflx,1.1.1,66.66666666666667,2,1,3,1.0,1
oflx,"1.1.1,4.9",0.0,0,1,1,2.0,Multiple
oflx,1.1.1.1,0.0,0,3,3,1.0,1
oflx,1.1.1.1.1,0.0,0,23,23,1.0,1
oflx,"1.1.1.1.1,2.2.1.1.1",0.0,0,3,3,2.0,Multiple
oflx,1.1.1.2,0.0,0,25,25,1.0,1
oflx,"1.1.1.2,4.2.1.1.1.1.1.1.i2",0.0,0,1,1,2.0,Multiple
oflx,"1.1.1.2.i1,2.2.1.1.1.i3",0.0,0,1,1,2.0,Multiple
oflx,1.1.2,3.5294117647058822,6,164,170,1.0,1
oflx,"1.1.2,2.2.1.1.1",50.0,1,1,2,2.0,Multiple
oflx,"1.1.2,4",0.0,0,1,1,2.0,Multiple
oflx,1.1.3,0.0,0,31,31,1.0,1
oflx,"1.1.3,4.9",0.0,0,2,2,2.0,Multiple
oflx,1.2.1,0.0,0,28,28,1.0,1
oflx,"1.2.1,4.9",0.0,0,1,1,2.0,Multiple
oflx,1.2.1.1.1,0.0,0,8,8,1.0,1
oflx,1.2.1.1.2,0.0,0,3,3,1.0,1
oflx,1.2.2,2.5641025641025643,1,38,39,1.0,1
oflx,"1.2.2,4",0.0,0,1,1,2.0,Multiple
oflx,1.2.2.1,4.878048780487805,2,39,41,1.0,1
oflx,"1.2.2.1,1.1.2",0.0,0,1,1,2.0,Multiple
oflx,"1.2.2.1,2.2.1.1.1",100.0,1,0,1,2.0,Multiple
oflx,"1.2.2.1,4",0.0,0,1,1,2.0,Multiple
oflx,"1.2.2.1,4.2.1.2.1.1.i3.1,4.1.i1.1.1.1,2.2.1.1.1,4.2.1.2.1.1.i3.2,4.1.i1.1.2,1.1.1.2.i1,3.1.1.i1,4.2.1.1.1.1.1.1.i2",0.0,0,1,1,8.0,Multiple
oflx,1.2.2.2,0.0,0,15,15,1.0,1
oflx,"2,4.8",0.0,0,1,1,2.0,Multiple
oflx,2.1,40.0,2,3,5,1.0,2
oflx,2.2,0.0,0,1,1,1.0,2
oflx,"2.2,3",0.0,0,1,1,2.0,Multiple
oflx,"2.2,4.8",0.0,0,2,2,2.0,Multiple
oflx,2.2.1,9.52191235059761,239,2271,2510,1.0,2
oflx,"2.2.1,4",33.333333333333336,1,2,3,2.0,Multiple
oflx,"2.2.1,4.2",0.0,0,1,1,2.0,Multiple
oflx,"2.2.1,4.8",0.0,0,8,8,2.0,Multiple
oflx,"2.2.1,4.9",25.0,1,3,4,2.0,Multiple
oflx,2.2.1.1,2.898550724637681,2,67,69,1.0,2
oflx,2.2.1.1.1,22.36024844720497,144,500,644,1.0,2
oflx,"2.2.1.1.1,2.2.1.1.2",0.0,0,1,1,2.0,Multiple
oflx,"2.2.1.1.1,3.1.1.i1",0.0,0,1,1,2.0,Multiple
oflx,"2.2.1.1.1,4.2.1.2.1.1",0.0,0,2,2,2.0,Multiple
oflx,"2.2.1.1.1,4.2.1.2.1.1.i1",0.0,0,6,6,2.0,Multiple
oflx,2.2.1.1.1.i1,0.0,0,6,6,1.0,2
oflx,2.2.1.1.1.i2,0.0,0,2,2,1.0,2
oflx,2.2.1.1.1.i3,25.0,12,36,48,1.0,2
oflx,2.2.1.1.2,25.0,3,9,12,1.0,2
oflx,2.2.1.2,0.0,0,1,1,1.0,2
oflx,"2.2.1.2,3.1,4.2.1.1.1.1.1.1.i2",0.0,0,1,1,3.0,Multiple
oflx,2.2.2,32.015810276679844,81,172,253,1.0,2
oflx,"2.2.2,2.2.1",0.0,0,1,1,2.0,Multiple
oflx,"2.2.2,2.2.1.1.1",0.0,0,1,1,2.0,Multiple
oflx,3,8.571428571428571,12,128,140,1.0,3
oflx,"3,4",0.0,0,1,1,2.0,Multiple
oflx,3.1,0.0,0,2,2,1.0,3
oflx,"3.1,4.2.1.1.1.1.1.1.i2",0.0,0,1,1,2.0,Multiple
oflx,3.1.1,14.18918918918919,21,127,148,1.0,3
oflx,"3.1.1,2.2.1.1.1",33.333333333333336,1,2,3,2.0,Multiple
oflx,"3.1.1,4.1.i1.1.1.1",0.0,0,1,1,2.0,Multiple
oflx,"3.1.1,4.2.1.1.1.1.1.1.i2",0.0,0,1,1,2.0,Multiple
oflx,"3.1.1,4.2.1.1.1.2.1.1",0.0,0,1,1,2.0,Multiple
oflx,3.1.1.,0.0,0,1,1,1.0,3
oflx,3.1.1.i1,6.666666666666667,1,14,15,1.0,3
oflx,3.1.1.i2,17.24137931034483,5,24,29,1.0,3
oflx,3.1.2,0.0,0,9,9,1.0,3
oflx,3.1.2.1,0.0,0,8,8,1.0,3
oflx,3.1.2.2,0.0,0,1,1,1.0,3
oflx,3.2,0.0,0,1,1,1.0,3
oflx,3.2.1,0.0,0,1,1,1.0,3
oflx,4,2.2222222222222223,1,44,45,1.0,4
oflx,4.1,0.0,0,37,37,1.0,4
oflx,4.1.1,50.0,2,2,4,1.0,4
oflx,"4.1.1,4.8",0.0,0,1,1,2.0,Multiple
oflx,4.1.1.1,0.0,0,16,16,1.0,4
oflx,4.1.1.2,0.0,0,5,5,1.0,4
oflx,4.1.1.3,10.9375,7,57,64,1.0,4
oflx,4.1.2,0.0,0,36,36,1.0,4
oflx,4.1.2.1,1.7857142857142858,4,220,224,1.0,4
oflx,"4.1.2.1,2.2.1",0.0,0,6,6,2.0,Multiple
oflx,"4.1.2.1,2.2.1,1.1.2",100.0,1,0,1,3.0,Multiple
oflx,"4.1.2.1,3",0.0,0,1,1,2.0,Multiple
oflx,"4.1.2.1,4.2.1",0.0,0,1,1,2.0,Multiple
oflx,"4.1.2.1,4.3.3",0.0,0,1,1,2.0,Multiple
oflx,"4.1.2.1,4.4.1.1",0.0,0,1,1,2.0,Multiple
oflx,"4.1.2.1,4.8",0.0,0,3,3,2.0,Multiple
oflx,4.1.i1.1.1,0.0,0,1,1,1.0,4
oflx,4.1.i1.1.1.1,6.367041198501872,17,250,267,1.0,4
oflx,"4.1.i1.1.1.1,2.2.1.1.1",0.0,0,2,2,2.0,Multiple
oflx,"4.1.i1.1.1.1,4.2.1.2.1.1.i4.1",0.0,0,2,2,2.0,Multiple
oflx,"4.1.i1.1.1.1,4.2.1.2.2.1",0.0,0,1,1,2.0,Multiple
oflx,4.1.i1.1.1.2,0.0,0,5,5,1.0,4
oflx,4.1.i1.1.2,33.333333333333336,1,2,3,1.0,4
oflx,4.1.i1.2.1,6.870229007633588,9,122,131,1.0,4
oflx,"4.1.i1.2.1,2.2.1.1.1",0.0,0,3,3,2.0,Multiple
oflx,4.1.i1.2.2,0.0,0,4,4,1.0,4
oflx,4.1.i2.1,0.0,0,1,1,1.0,4
oflx,"4.1.i2.1,4.2.1.2.1.1.i1",0.0,0,1,1,2.0,Multiple
oflx,4.2,0.0,0,2,2,1.0,4
oflx,"4.2,4.8",0.0,0,1,1,2.0,Multiple
oflx,"4.2,4.9",0.0,0,2,2,2.0,Multiple
oflx,4.2.1,9.461966604823749,51,488,539,1.0,4
oflx,"4.2.1,2.2.1",20.0,3,12,15,2.0,Multiple
oflx,"4.2.1,2.2.1,4.8",0.0,0,1,1,3.0,Multiple
oflx,"4.2.1,4.9",0.0,0,1,1,2.0,Multiple
oflx,4.2.1.1.1.1.1.1.i1,10.084033613445378,12,107,119,1.0,4
oflx,"4.2.1.1.1.1.1.1.i1,1.2.1.1.1",0.0,0,1,1,2.0,Multiple
oflx,"4.2.1.1.1.1.1.1.i1,4.2.1.2.1.1.i1",0.0,0,2,2,2.0,Multiple
oflx,4.2.1.1.1.1.1.1.i2,12.5,4,28,32,1.0,4
oflx,4.2.1.1.1.1.2,0.0,0,28,28,1.0,4
oflx,4.2.1.1.1.2.1.1.1.1.1,5.882352941176471,1,16,17,1.0,4
oflx,4.2.1.1.1.2.1.1.1.1.2,0.0,0,7,7,1.0,4
oflx,4.2.1.1.1.2.1.2,0.0,0,1,1,1.0,4
oflx,4.2.1.1.1.2.2.1.1.1.2,0.0,0,3,3,1.0,4
oflx,"4.2.1.1.1.2.2.1.1.1.2,4.2.1.1.1.2.2.1.2,1.1.1.2.i1,3.1,4.2.1.1.1.1.1.1.i2",0.0,0,1,1,5.0,Multiple
oflx,4.2.1.1.1.2.2.1.1.2,0.0,0,2,2,1.0,4
oflx,4.2.1.1.1.2.2.1.2,0.0,0,1,1,1.0,4
oflx,"4.2.1.1.1.2.2.1.2,4.2.1.2.1.1.i3.2",100.0,1,0,1,2.0,Multiple
oflx,4.2.1.1.2,6.382978723404255,3,44,47,1.0,4
oflx,4.2.1.2.1.1,0.0,0,1,1,1.0,4
oflx,4.2.1.2.1.1.i1,4.3478260869565215,4,88,92,1.0,4
oflx,4.2.1.2.1.1.i2,0.0,0,8,8,1.0,4
oflx,4.2.1.2.1.1.i3.1,8.0,4,46,50,1.0,4
oflx,"4.2.1.2.1.1.i3.1,2.2.1.1.1",100.0,1,0,1,2.0,Multiple
oflx,4.2.1.2.1.1.i3.2,4.761904761904762,2,40,42,1.0,4
oflx,4.2.1.2.1.1.i4.1,10.95890410958904,24,195,219,1.0,4
oflx,"4.2.1.2.1.1.i4.1,4.2.1.2.1.1.i1",0.0,0,1,1,2.0,Multiple
oflx,4.2.1.2.1.2,0.0,0,3,3,1.0,4
oflx,"4.2.1.2.1.2,4.2.1.1.1.2.2.1.1.1.2,4.1.i1.2.2,4.1.i1.1,1.1.1.2.i1,3.1,4.2.1.1.1.2.1.1.1,4.2.1.1.1.1.1.1.i2",0.0,0,1,1,8.0,Multiple
oflx,4.2.1.2.2.1,0.0,0,3,3,1.0,4
oflx,4.2.1.2.2.1.1,37.28813559322034,22,37,59,1.0,4
oflx,4.2.1.2.2.1.2,8.333333333333334,1,11,12,1.0,4
oflx,4.2.1.2.2.2,0.0,0,21,21,1.0,4
oflx,4.2.2,3.703703703703704,1,26,27,1.0,4
oflx,4.2.2.1,9.375,3,29,32,1.0,4
oflx,4.2.2.2.1,15.789473684210526,3,16,19,1.0,4
oflx,4.2.2.2.2,0.0,0,2,2,1.0,4
oflx,4.3,0.0,0,1,1,1.0,4
oflx,"4.3,4.4.1.2,4.9",0.0,0,2,2,3.0,Multiple
oflx,"4.3,4.9",0.0,0,1,1,2.0,Multiple
oflx,4.3.1,0.0,0,2,2,1.0,4
oflx,4.3.2,6.666666666666667,1,14,15,1.0,4
oflx,4.3.2.1,0.0,0,27,27,1.0,4
oflx,4.3.3,15.675675675675675,58,312,370,1.0,4
oflx,"4.3.3,2.2.1",0.0,0,1,1,2.0,Multiple
oflx,"4.3.3,4.2.1",50.0,1,1,2,2.0,Multiple
oflx,"4.3.3,4.8",0.0,0,2,2,2.0,Multiple
oflx,4.3.4,0.0,0,2,2,1.0,4
oflx,4.3.4.1,1.408450704225352,1,70,71,1.0,4
oflx,4.3.4.2,23.25581395348837,20,66,86,1.0,4
oflx,4.3.4.2.1,7.6923076923076925,1,12,13,1.0,4
oflx,4.4,0.0,0,1,1,1.0,4
oflx,4.4.1.1,3.2967032967032965,3,88,91,1.0,4
oflx,4.4.1.2,0.0,0,12,12,1.0,4
oflx,4.4.2,4.672897196261682,5,102,107,1.0,4
oflx,4.5,3.658536585365854,3,79,82,1.0,4
oflx,"4.5,4.9",0.0,0,2,2,2.0,Multiple
oflx,4.6,22.22222222222222,2,7,9,1.0,4
oflx,4.6.1.1,0.0,0,8,8,1.0,4
oflx,4.6.1.2,0.0,0,6,6,1.0,4
oflx,4.6.2,0.0,0,31,31,1.0,4
oflx,4.6.2.2,0.0,0,7,7,1.0,4
oflx,4.7,14.705882352941176,5,29,34,1.0,4
oflx,4.8,2.487562189054726,10,392,402,1.0,4
oflx,"4.8,4.3.4.1",0.0,0,1,1,2.0,Multiple
oflx,"4.8,4.9",0.0,0,1,1,2.0,Multiple
oflx,4.9,7.8125,5,59,64,1.0,4
oflx,5,0.0,0,1,1,1.0,5
oflx,6,0.0,0,1,1,1.0,6
oflx,"6,BOV_AFRI",50.0,2,2,4,2.0,Multiple
oflx,BOV_AFRI,0.0,0,20,20,1.0,Bovine
oflx,,0.0,0,8,8,0.0,None
pas,1,0.0,0,1,1,1.0,1
pas,1.1,0.0,0,1,1,1.0,1
pas,1.1.1,0.0,0,3,3,1.0,1
pas,"1.1.1,4.9",0.0,0,1,1,2.0,Multiple
pas,1.1.1.1,0.0,0,3,3,1.0,1
pas,1.1.1.1.1,0.0,0,23,23,1.0,1
pas,"1.1.1.1.1,2.2.1.1.1",0.0,0,3,3,2.0,Multiple
pas,1.1.1.2,0.0,0,25,25,1.0,1
pas,"1.1.1.2,4.2.1.1.1.1.1.1.i2",0.0,0,1,1,2.0,Multiple
pas,"1.1.1.2.i1,2.2.1.1.1.i3",0.0,0,1,1,2.0,Multiple
pas,1.1.2,0.0,0,170,170,1.0,1
pas,"1.1.2,2.2.1.1.1",0.0,0,2,2,2.0,Multiple
pas,"1.1.2,4",0.0,0,1,1,2.0,Multiple
pas,1.1.3,3.225806451612903,1,30,31,1.0,1
pas,"1.1.3,4.9",0.0,0,2,2,2.0,Multiple
pas,1.2.1,0.0,0,28,28,1.0,1
pas,"1.2.1,4.9",0.0,0,1,1,2.0,Multiple
pas,1.2.1.1.1,0.0,0,8,8,1.0,1
pas,1.2.1.1.2,0.0,0,3,3,1.0,1
pas,1.2.2,0.0,0,39,39,1.0,1
pas,"1.2.2,4",0.0,0,1,1,2.0,Multiple
pas,1.2.2.1,0.0,0,41,41,1.0,1
pas,"1.2.2.1,1.1.2",0.0,0,1,1,2.0,Multiple
pas,"1.2.2.1,2.2.1.1.1",0.0,0,1,1,2.0,Multiple
pas,"1.2.2.1,4",0.0,0,1,1,2.0,Multiple
pas,"1.2.2.1,4.2.1.2.1.1.i3.1,4.1.i1.1.1.1,2.2.1.1.1,4.2.1.2.1.1.i3.2,4.1.i1.1.2,1.1.1.2.i1,3.1.1.i1,4.2.1.1.1.1.1.1.i2",0.0,0,1,1,8.0,Multiple
pas,1.2.2.2,0.0,0,15,15,1.0,1
pas,"2,4.8",0.0,0,1,1,2.0,Multiple
pas,2.1,0.0,0,5,5,1.0,2
pas,2.2,0.0,0,1,1,1.0,2
pas,"2.2,3",0.0,0,1,1,2.0,Multiple
pas,"2.2,4.8",0.0,0,2,2,2.0,Multiple
pas,2.2.1,0.0,0,2510,2510,1.0,2
pas,"2.2.1,4",0.0,0,3,3,2.0,Multiple
pas,"2.2.1,4.2",0.0,0,1,1,2.0,Multiple
pas,"2.2.1,4.8",0.0,0,8,8,2.0,Multiple
pas,"2.2.1,4.9",0.0,0,4,4,2.0,Multiple
pas,2.2.1.1,0.0,0,69,69,1.0,2
pas,2.2.1.1.1,0.15527950310559,1,643,644,1.0,2
pas,"2.2.1.1.1,2.2.1.1.2",0.0,0,1,1,2.0,Multiple
pas,"2.2.1.1.1,3.1.1.i1",0.0,0,1,1,2.0,Multiple
pas,"2.2.1.1.1,4.2.1.2.1.1",0.0,0,2,2,2.0,Multiple
pas,"2.2.1.1.1,4.2.1.2.1.1.i1",0.0,0,6,6,2.0,Multiple
pas,2.2.1.1.1.i1,0.0,0,6,6,1.0,2
pas,2.2.1.1.1.i2,0.0,0,2,2,1.0,2
pas,2.2.1.1.1.i3,0.0,0,48,48,1.0,2
pas,2.2.1.1.2,0.0,0,12,12,1.0,2
pas,2.2.1.2,0.0,0,1,1,1.0,2
pas,"2.2.1.2,3.1,4.2.1.1.1.1.1.1.i2",0.0,0,1,1,3.0,Multiple
pas,2.2.2,0.7905138339920948,2,251,253,1.0,2
pas,"2.2.2,2.2.1",0.0,0,1,1,2.0,Multiple
pas,"2.2.2,2.2.1.1.1",0.0,0,1,1,2.0,Multiple
pas,3,0.0,0,140,140,1.0,3
pas,"3,4",0.0,0,1,1,2.0,Multiple
pas,3.1,0.0,0,2,2,1.0,3
pas,"3.1,4.2.1.1.1.1.1.1.i2",0.0,0,1,1,2.0,Multiple
pas,3.1.1,0.0,0,148,148,1.0,3
pas,"3.1.1,2.2.1.1.1",0.0,0,3,3,2.0,Multiple
pas,"3.1.1,4.1.i1.1.1.1",0.0,0,1,1,2.0,Multiple
pas,"3.1.1,4.2.1.1.1.1.1.1.i2",0.0,0,1,1,2.0,Multiple
pas,"3.1.1,4.2.1.1.1.2.1.1",0.0,0,1,1,2.0,Multiple
pas,3.1.1.,0.0,0,1,1,1.0,3
pas,3.1.1.i1,0.0,0,15,15,1.0,3
pas,3.1.1.i2,0.0,0,29,29,1.0,3
pas,3.1.2,0.0,0,9,9,1.0,3
pas,3.1.2.1,0.0,0,8,8,1.0,3
pas,3.1.2.2,0.0,0,1,1,1.0,3
pas,3.2,0.0,0,1,1,1.0,3
pas,3.2.1,0.0,0,1,1,1.0,3
pas,4,0.0,0,45,45,1.0,4
pas,4.1,0.0,0,37,37,1.0,4
pas,4.1.1,0.0,0,4,4,1.0,4
pas,"4.1.1,4.8",0.0,0,1,1,2.0,Multiple
pas,4.1.1.1,0.0,0,16,16,1.0,4
pas,4.1.1.2,0.0,0,5,5,1.0,4
pas,4.1.1.3,0.0,0,64,64,1.0,4
pas,4.1.2,0.0,0,36,36,1.0,4
pas,4.1.2.1,0.8928571428571429,2,222,224,1.0,4
pas,"4.1.2.1,2.2.1",0.0,0,6,6,2.0,Multiple
pas,"4.1.2.1,2.2.1,1.1.2",0.0,0,1,1,3.0,Multiple
pas,"4.1.2.1,3",0.0,0,1,1,2.0,Multiple
pas,"4.1.2.1,4.2.1",0.0,0,1,1,2.0,Multiple
pas,"4.1.2.1,4.3.3",0.0,0,1,1,2.0,Multiple
pas,"4.1.2.1,4.4.1.1",0.0,0,1,1,2.0,Multiple
pas,"4.1.2.1,4.8",0.0,0,3,3,2.0,Multiple
pas,4.1.i1.1.1,0.0,0,1,1,1.0,4
pas,4.1.i1.1.1.1,1.49812734082397,4,263,267,1.0,4
pas,"4.1.i1.1.1.1,2.2.1.1.1",0.0,0,2,2,2.0,Multiple
pas,"4.1.i1.1.1.1,4.2.1.2.1.1.i4.1",0.0,0,2,2,2.0,Multiple
pas,"4.1.i1.1.1.1,4.2.1.2.2.1",0.0,0,1,1,2.0,Multiple
pas,4.1.i1.1.1.2,0.0,0,5,5,1.0,4
pas,4.1.i1.1.2,0.0,0,3,3,1.0,4
pas,4.1.i1.2.1,9.923664122137405,13,118,131,1.0,4
pas,"4.1.i1.2.1,2.2.1.1.1",0.0,0,3,3,2.0,Multiple
pas,4.1.i1.2.2,0.0,0,4,4,1.0,4
pas,4.1.i2.1,0.0,0,1,1,1.0,4
pas,"4.1.i2.1,4.2.1.2.1.1.i1",0.0,0,1,1,2.0,Multiple
pas,4.2,0.0,0,2,2,1.0,4
pas,"4.2,4.8",0.0,0,1,1,2.0,Multiple
pas,"4.2,4.9",0.0,0,2,2,2.0,Multiple
pas,4.2.1,0.0,0,539,539,1.0,4
pas,"4.2.1,2.2.1",0.0,0,15,15,2.0,Multiple
pas,"4.2.1,2.2.1,4.8",0.0,0,1,1,3.0,Multiple
pas,"4.2.1,4.9",0.0,0,1,1,2.0,Multiple
pas,4.2.1.1.1.1.1.1.i1,0.0,0,119,119,1.0,4
pas,"4.2.1.1.1.1.1.1.i1,1.2.1.1.1",0.0,0,1,1,2.0,Multiple
pas,"4.2.1.1.1.1.1.1.i1,4.2.1.2.1.1.i1",0.0,0,2,2,2.0,Multiple
pas,4.2.1.1.1.1.1.1.i2,0.0,0,32,32,1.0,4
pas,4.2.1.1.1.1.2,0.0,0,28,28,1.0,4
pas,4.2.1.1.1.2.1.1.1.1.1,0.0,0,17,17,1.0,4
pas,4.2.1.1.1.2.1.1.1.1.2,0.0,0,7,7,1.0,4
pas,4.2.1.1.1.2.1.2,0.0,0,1,1,1.0,4
pas,4.2.1.1.1.2.2.1.1.1.2,0.0,0,3,3,1.0,4
pas,"4.2.1.1.1.2.2.1.1.1.2,4.2.1.1.1.2.2.1.2,1.1.1.2.i1,3.1,4.2.1.1.1.1.1.1.i2",0.0,0,1,1,5.0,Multiple
pas,4.2.1.1.1.2.2.1.1.2,0.0,0,2,2,1.0,4
pas,4.2.1.1.1.2.2.1.2,0.0,0,1,1,1.0,4
pas,"4.2.1.1.1.2.2.1.2,4.2.1.2.1.1.i3.2",0.0,0,1,1,2.0,Multiple
pas,4.2.1.1.2,0.0,0,47,47,1.0,4
pas,4.2.1.2.1.1,0.0,0,1,1,1.0,4
pas,4.2.1.2.1.1.i1,0.0,0,92,92,1.0,4
pas,4.2.1.2.1.1.i2,0.0,0,8,8,1.0,4
pas,4.2.1.2.1.1.i3.1,0.0,0,50,50,1.0,4
pas,"4.2.1.2.1.1.i3.1,2.2.1.1.1",0.0,0,1,1,2.0,Multiple
pas,4.2.1.2.1.1.i3.2,0.0,0,42,42,1.0,4
pas,4.2.1.2.1.1.i4.1,0.0,0,219,219,1.0,4
pas,"4.2.1.2.1.1.i4.1,4.2.1.2.1.1.i1",0.0,0,1,1,2.0,Multiple
pas,4.2.1.2.1.2,0.0,0,3,3,1.0,4
pas,"4.2.1.2.1.2,4.2.1.1.1.2.2.1.1.1.2,4.1.i1.2.2,4.1.i1.1,1.1.1.2.i1,3.1,4.2.1.1.1.2.1.1.1,4.2.1.1.1.1.1.1.i2",0.0,0,1,1,8.0,Multiple
pas,4.2.1.2.2.1,0.0,0,3,3,1.0,4
pas,4.2.1.2.2.1.1,0.0,0,59,59,1.0,4
pas,4.2.1.2.2.1.2,0.0,0,12,12,1.0,4
pas,4.2.1.2.2.2,0.0,0,21,21,1.0,4
pas,4.2.2,3.703703703703704,1,26,27,1.0,4
pas,4.2.2.1,0.0,0,32,32,1.0,4
pas,4.2.2.2.1,0.0,0,19,19,1.0,4
pas,4.2.2.2.2,0.0,0,2,2,1.0,4
pas,4.3,0.0,0,1,1,1.0,4
pas,"4.3,4.4.1.2,4.9",0.0,0,2,2,3.0,Multiple
pas,"4.3,4.9",0.0,0,1,1,2.0,Multiple
pas,4.3.1,0.0,0,2,2,1.0,4
pas,4.3.2,0.0,0,15,15,1.0,4
pas,4.3.2.1,0.0,0,27,27,1.0,4
pas,4.3.3,0.0,0,370,370,1.0,4
pas,"4.3.3,2.2.1",0.0,0,1,1,2.0,Multiple
pas,"4.3.3,4.2.1",0.0,0,2,2,2.0,Multiple
pas,"4.3.3,4.8",0.0,0,2,2,2.0,Multiple
pas,4.3.4,0.0,0,2,2,1.0,4
pas,4.3.4.1,0.0,0,71,71,1.0,4
pas,4.3.4.2,0.0,0,86,86,1.0,4
pas,4.3.4.2.1,0.0,0,13,13,1.0,4
pas,4.4,0.0,0,1,1,1.0,4
pas,4.4.1.1,0.0,0,91,91,1.0,4
pas,4.4.1.2,0.0,0,12,12,1.0,4
pas,4.4.2,0.0,0,107,107,1.0,4
pas,4.5,0.0,0,82,82,1.0,4
pas,"4.5,4.9",0.0,0,2,2,2.0,Multiple
pas,4.6,0.0,0,9,9,1.0,4
pas,4.6.1.1,0.0,0,8,8,1.0,4
pas,4.6.1.2,0.0,0,6,6,1.0,4
pas,4.6.2,0.0,0,31,31,1.0,4
pas,4.6.2.2,0.0,0,7,7,1.0,4
pas,4.7,0.0,0,34,34,1.0,4
pas,4.8,2.238805970149253,9,393,402,1.0,4
pas,"4.8,4.3.4.1",0.0,0,1,1,2.0,Multiple
pas,"4.8,4.9",0.0,0,1,1,2.0,Multiple
pas,4.9,0.0,0,64,64,1.0,4
pas,5,0.0,0,1,1,1.0,5
pas,6,0.0,0,1,1,1.0,6
pas,"6,BOV_AFRI",0.0,0,4,4,2.0,Multiple
pas,BOV_AFRI,0.0,0,20,20,1.0,Bovine
pas,,0.0,0,8,8,0.0,None
pza,1,0.0,0,1,1,1.0,1
pza,1.1,100.0,1,0,1,1.0,1
pza,1.1.1,33.333333333333336,1,2,3,1.0,1
pza,"1.1.1,4.9",0.0,0,1,1,2.0,Multiple
pza,1.1.1.1,0.0,0,3,3,1.0,1
pza,1.1.1.1.1,0.0,0,23,23,1.0,1
pza,"1.1.1.1.1,2.2.1.1.1",0.0,0,3,3,2.0,Multiple
pza,1.1.1.2,0.0,0,25,25,1.0,1
pza,"1.1.1.2,4.2.1.1.1.1.1.1.i2",0.0,0,1,1,2.0,Multiple
pza,"1.1.1.2.i1,2.2.1.1.1.i3",0.0,0,1,1,2.0,Multiple
pza,1.1.2,4.705882352941177,8,162,170,1.0,1
pza,"1.1.2,2.2.1.1.1",0.0,0,2,2,2.0,Multiple
pza,"1.1.2,4",0.0,0,1,1,2.0,Multiple
pza,1.1.3,0.0,0,31,31,1.0,1
pza,"1.1.3,4.9",0.0,0,2,2,2.0,Multiple
pza,1.2.1,0.0,0,28,28,1.0,1
pza,"1.2.1,4.9",0.0,0,1,1,2.0,Multiple
pza,1.2.1.1.1,0.0,0,8,8,1.0,1
pza,1.2.1.1.2,0.0,0,3,3,1.0,1
pza,1.2.2,23.07692307692308,9,30,39,1.0,1
pza,"1.2.2,4",0.0,0,1,1,2.0,Multiple
pza,1.2.2.1,29.26829268292683,12,29,41,1.0,1
pza,"1.2.2.1,1.1.2",0.0,0,1,1,2.0,Multiple
pza,"1.2.2.1,2.2.1.1.1",100.0,1,0,1,2.0,Multiple
pza,"1.2.2.1,4",0.0,0,1,1,2.0,Multiple
pza,"1.2.2.1,4.2.1.2.1.1.i3.1,4.1.i1.1.1.1,2.2.1.1.1,4.2.1.2.1.1.i3.2,4.1.i1.1.2,1.1.1.2.i1,3.1.1.i1,4.2.1.1.1.1.1.1.i2",0.0,0,1,1,8.0,Multiple
pza,1.2.2.2,0.0,0,15,15,1.0,1
pza,"2,4.8",0.0,0,1,1,2.0,Multiple
pza,2.1,40.0,2,3,5,1.0,2
pza,2.2,0.0,0,1,1,1.0,2
pza,"2.2,3",0.0,0,1,1,2.0,Multiple
pza,"2.2,4.8",0.0,0,2,2,2.0,Multiple
pza,2.2.1,9.282868525896417,233,2277,2510,1.0,2
pza,"2.2.1,4",0.0,0,3,3,2.0,Multiple
pza,"2.2.1,4.2",0.0,0,1,1,2.0,Multiple
pza,"2.2.1,4.8",0.0,0,8,8,2.0,Multiple
pza,"2.2.1,4.9",0.0,0,4,4,2.0,Multiple
pza,2.2.1.1,8.695652173913043,6,63,69,1.0,2
pza,2.2.1.1.1,18.7888198757764,121,523,644,1.0,2
pza,"2.2.1.1.1,2.2.1.1.2",0.0,0,1,1,2.0,Multiple
pza,"2.2.1.1.1,3.1.1.i1",0.0,0,1,1,2.0,Multiple
pza,"2.2.1.1.1,4.2.1.2.1.1",0.0,0,2,2,2.0,Multiple
pza,"2.2.1.1.1,4.2.1.2.1.1.i1",0.0,0,6,6,2.0,Multiple
pza,2.2.1.1.1.i1,0.0,0,6,6,1.0,2
pza,2.2.1.1.1.i2,0.0,0,2,2,1.0,2
pza,2.2.1.1.1.i3,29.166666666666668,14,34,48,1.0,2
pza,2.2.1.1.2,8.333333333333334,1,11,12,1.0,2
pza,2.2.1.2,100.0,1,0,1,1.0,2
pza,"2.2.1.2,3.1,4.2.1.1.1.1.1.1.i2",0.0,0,1,1,3.0,Multiple
pza,2.2.2,53.359683794466406,135,118,253,1.0,2
pza,"2.2.2,2.2.1",0.0,0,1,1,2.0,Multiple
pza,"2.2.2,2.2.1.1.1",0.0,0,1,1,2.0,Multiple
pza,3,15.714285714285714,22,118,140,1.0,3
pza,"3,4",0.0,0,1,1,2.0,Multiple
pza,3.1,0.0,0,2,2,1.0,3
pza,"3.1,4.2.1.1.1.1.1.1.i2",0.0,0,1,1,2.0,Multiple
pza,3.1.1,14.18918918918919,21,127,148,1.0,3
pza,"3.1.1,2.2.1.1.1",33.333333333333336,1,2,3,2.0,Multiple
pza,"3.1.1,4.1.i1.1.1.1",0.0,0,1,1,2.0,Multiple
pza,"3.1.1,4.2.1.1.1.1.1.1.i2",0.0,0,1,1,2.0,Multiple
pza,"3.1.1,4.2.1.1.1.2.1.1",0.0,0,1,1,2.0,Multiple
pza,3.1.1.,0.0,0,1,1,1.0,3
pza,3.1.1.i1,26.666666666666668,4,11,15,1.0,3
pza,3.1.1.i2,10.344827586206897,3,26,29,1.0,3
pza,3.1.2,0.0,0,9,9,1.0,3
pza,3.1.2.1,0.0,0,8,8,1.0,3
pza,3.1.2.2,0.0,0,1,1,1.0,3
pza,3.2,0.0,0,1,1,1.0,3
pza,3.2.1,0.0,0,1,1,1.0,3
pza,4,8.88888888888889,4,41,45,1.0,4
pza,4.1,16.216216216216218,6,31,37,1.0,4
pza,4.1.1,25.0,1,3,4,1.0,4
pza,"4.1.1,4.8",0.0,0,1,1,2.0,Multiple
pza,4.1.1.1,0.0,0,16,16,1.0,4
pza,4.1.1.2,0.0,0,5,5,1.0,4
pza,4.1.1.3,25.0,16,48,64,1.0,4
pza,4.1.2,0.0,0,36,36,1.0,4
pza,4.1.2.1,10.267857142857142,23,201,224,1.0,4
pza,"4.1.2.1,2.2.1",16.666666666666668,1,5,6,2.0,Multiple
pza,"4.1.2.1,2.2.1,1.1.2",100.0,1,0,1,3.0,Multiple
pza,"4.1.2.1,3",0.0,0,1,1,2.0,Multiple
pza,"4.1.2.1,4.2.1",0.0,0,1,1,2.0,Multiple
pza,"4.1.2.1,4.3.3",0.0,0,1,1,2.0,Multiple
pza,"4.1.2.1,4.4.1.1",100.0,1,0,1,2.0,Multiple
pza,"4.1.2.1,4.8",0.0,0,3,3,2.0,Multiple
pza,4.1.i1.1.1,0.0,0,1,1,1.0,4
pza,4.1.i1.1.1.1,8.239700374531836,22,245,267,1.0,4
pza,"4.1.i1.1.1.1,2.2.1.1.1",0.0,0,2,2,2.0,Multiple
pza,"4.1.i1.1.1.1,4.2.1.2.1.1.i4.1",100.0,2,0,2,2.0,Multiple
pza,"4.1.i1.1.1.1,4.2.1.2.2.1",0.0,0,1,1,2.0,Multiple
pza,4.1.i1.1.1.2,0.0,0,5,5,1.0,4
pza,4.1.i1.1.2,0.0,0,3,3,1.0,4
pza,4.1.i1.2.1,7.633587786259542,10,121,131,1.0,4
pza,"4.1.i1.2.1,2.2.1.1.1",0.0,0,3,3,2.0,Multiple
pza,4.1.i1.2.2,0.0,0,4,4,1.0,4
pza,4.1.i2.1,0.0,0,1,1,1.0,4
pza,"4.1.i2.1,4.2.1.2.1.1.i1",0.0,0,1,1,2.0,Multiple
pza,4.2,0.0,0,2,2,1.0,4
pza,"4.2,4.8",0.0,0,1,1,2.0,Multiple
pza,"4.2,4.9",50.0,1,1,2,2.0,Multiple
pza,4.2.1,8.719851576994435,47,492,539,1.0,4
pza,"4.2.1,2.2.1",20.0,3,12,15,2.0,Multiple
pza,"4.2.1,2.2.1,4.8",0.0,0,1,1,3.0,Multiple
pza,"4.2.1,4.9",0.0,0,1,1,2.0,Multiple
pza,4.2.1.1.1.1.1.1.i1,11.764705882352942,14,105,119,1.0,4
pza,"4.2.1.1.1.1.1.1.i1,1.2.1.1.1",0.0,0,1,1,2.0,Multiple
pza,"4.2.1.1.1.1.1.1.i1,4.2.1.2.1.1.i1",0.0,0,2,2,2.0,Multiple
pza,4.2.1.1.1.1.1.1.i2,18.75,6,26,32,1.0,4
pza,4.2.1.1.1.1.2,7.142857142857143,2,26,28,1.0,4
pza,4.2.1.1.1.2.1.1.1.1.1,5.882352941176471,1,16,17,1.0,4
pza,4.2.1.1.1.2.1.1.1.1.2,0.0,0,7,7,1.0,4
pza,4.2.1.1.1.2.1.2,0.0,0,1,1,1.0,4
pza,4.2.1.1.1.2.2.1.1.1.2,0.0,0,3,3,1.0,4
pza,"4.2.1.1.1.2.2.1.1.1.2,4.2.1.1.1.2.2.1.2,1.1.1.2.i1,3.1,4.2.1.1.1.1.1.1.i2",100.0,1,0,1,5.0,Multiple
pza,4.2.1.1.1.2.2.1.1.2,0.0,0,2,2,1.0,4
pza,4.2.1.1.1.2.2.1.2,100.0,1,0,1,1.0,4
pza,"4.2.1.1.1.2.2.1.2,4.2.1.2.1.1.i3.2",100.0,1,0,1,2.0,Multiple
pza,4.2.1.1.2,4.25531914893617,2,45,47,1.0,4
pza,4.2.1.2.1.1,0.0,0,1,1,1.0,4
pza,4.2.1.2.1.1.i1,3.260869565217391,3,89,92,1.0,4
pza,4.2.1.2.1.1.i2,12.5,1,7,8,1.0,4
pza,4.2.1.2.1.1.i3.1,8.0,4,46,50,1.0,4
pza,"4.2.1.2.1.1.i3.1,2.2.1.1.1",100.0,1,0,1,2.0,Multiple
pza,4.2.1.2.1.1.i3.2,7.142857142857143,3,39,42,1.0,4
pza,4.2.1.2.1.1.i4.1,31.506849315068493,69,150,219,1.0,4
pza,"4.2.1.2.1.1.i4.1,4.2.1.2.1.1.i1",100.0,1,0,1,2.0,Multiple
pza,4.2.1.2.1.2,0.0,0,3,3,1.0,4
pza,"4.2.1.2.1.2,4.2.1.1.1.2.2.1.1.1.2,4.1.i1.2.2,4.1.i1.1,1.1.1.2.i1,3.1,4.2.1.1.1.2.1.1.1,4.2.1.1.1.1.1.1.i2",0.0,0,1,1,8.0,Multiple
pza,4.2.1.2.2.1,0.0,0,3,3,1.0,4
pza,4.2.1.2.2.1.1,1.694915254237288,1,58,59,1.0,4
pza,4.2.1.2.2.1.2,0.0,0,12,12,1.0,4
pza,4.2.1.2.2.2,4.761904761904762,1,20,21,1.0,4
pza,4.2.2,11.11111111111111,3,24,27,1.0,4
pza,4.2.2.1,12.5,4,28,32,1.0,4
pza,4.2.2.2.1,5.2631578947368425,1,18,19,1.0,4
pza,4.2.2.2.2,0.0,0,2,2,1.0,4
pza,4.3,0.0,0,1,1,1.0,4
pza,"4.3,4.4.1.2,4.9",0.0,0,2,2,3.0,Multiple
pza,"4.3,4.9",0.0,0,1,1,2.0,Multiple
pza,4.3.1,0.0,0,2,2,1.0,4
pza,4.3.2,6.666666666666667,1,14,15,1.0,4
pza,4.3.2.1,0.0,0,27,27,1.0,4
pza,4.3.3,6.486486486486487,24,346,370,1.0,4
pza,"4.3.3,2.2.1",0.0,0,1,1,2.0,Multiple
pza,"4.3.3,4.2.1",50.0,1,1,2,2.0,Multiple
pza,"4.3.3,4.8",0.0,0,2,2,2.0,Multiple
pza,4.3.4,0.0,0,2,2,1.0,4
pza,4.3.4.1,7.042253521126761,5,66,71,1.0,4
pza,4.3.4.2,20.930232558139537,18,68,86,1.0,4
pza,4.3.4.2.1,0.0,0,13,13,1.0,4
pza,4.4,0.0,0,1,1,1.0,4
pza,4.4.1.1,30.76923076923077,28,63,91,1.0,4
pza,4.4.1.2,0.0,0,12,12,1.0,4
pza,4.4.2,2.803738317757009,3,104,107,1.0,4
pza,4.5,2.4390243902439024,2,80,82,1.0,4
pza,"4.5,4.9",0.0,0,2,2,2.0,Multiple
pza,4.6,77.77777777777777,7,2,9,1.0,4
pza,4.6.1.1,0.0,0,8,8,1.0,4
pza,4.6.1.2,33.333333333333336,2,4,6,1.0,4
pza,4.6.2,0.0,0,31,31,1.0,4
pza,4.6.2.2,14.285714285714286,1,6,7,1.0,4
pza,4.7,23.529411764705884,8,26,34,1.0,4
pza,4.8,3.9800995024875614,16,386,402,1.0,4
pza,"4.8,4.3.4.1",0.0,0,1,1,2.0,Multiple
pza,"4.8,4.9",0.0,0,1,1,2.0,Multiple
pza,4.9,9.375,6,58,64,1.0,4
pza,5,0.0,0,1,1,1.0,5
pza,6,0.0,0,1,1,1.0,6
pza,"6,BOV_AFRI",0.0,0,4,4,2.0,Multiple
pza,BOV_AFRI,95.0,19,1,20,1.0,Bovine
pza,,25.0,2,6,8,0.0,None
rif,1,0.0,0,1,1,1.0,1
rif,1.1,100.0,1,0,1,1.0,1
rif,1.1.1,100.0,3,0,3,1.0,1
rif,"1.1.1,4.9",0.0,0,1,1,2.0,Multiple
rif,1.1.1.1,33.333333333333336,1,2,3,1.0,1
rif,1.1.1.1.1,4.3478260869565215,1,22,23,1.0,1
rif,"1.1.1.1.1,2.2.1.1.1",33.333333333333336,1,2,3,2.0,Multiple
rif,1.1.1.2,4.0,1,24,25,1.0,1
rif,"1.1.1.2,4.2.1.1.1.1.1.1.i2",0.0,0,1,1,2.0,Multiple
rif,"1.1.1.2.i1,2.2.1.1.1.i3",0.0,0,1,1,2.0,Multiple
rif,1.1.2,14.117647058823527,24,146,170,1.0,1
rif,"1.1.2,2.2.1.1.1",50.0,1,1,2,2.0,Multiple
rif,"1.1.2,4",0.0,0,1,1,2.0,Multiple
rif,1.1.3,9.67741935483871,3,28,31,1.0,1
rif,"1.1.3,4.9",0.0,0,2,2,2.0,Multiple
rif,1.2.1,7.142857142857143,2,26,28,1.0,1
rif,"1.2.1,4.9",0.0,0,1,1,2.0,Multiple
rif,1.2.1.1.1,12.5,1,7,8,1.0,1
rif,1.2.1.1.2,0.0,0,3,3,1.0,1
rif,1.2.2,28.205128205128204,11,28,39,1.0,1
rif,"1.2.2,4",0.0,0,1,1,2.0,Multiple
rif,1.2.2.1,46.34146341463415,19,22,41,1.0,1
rif,"1.2.2.1,1.1.2",0.0,0,1,1,2.0,Multiple
rif,"1.2.2.1,2.2.1.1.1",100.0,1,0,1,2.0,Multiple
rif,"1.2.2.1,4",0.0,0,1,1,2.0,Multiple
rif,"1.2.2.1,4.2.1.2.1.1.i3.1,4.1.i1.1.1.1,2.2.1.1.1,4.2.1.2.1.1.i3.2,4.1.i1.1.2,1.1.1.2.i1,3.1.1.i1,4.2.1.1.1.1.1.1.i2",0.0,0,1,1,8.0,Multiple
rif,1.2.2.2,0.0,0,15,15,1.0,1
rif,"2,4.8",0.0,0,1,1,2.0,Multiple
rif,2.1,60.0,3,2,5,1.0,2
rif,2.2,0.0,0,1,1,1.0,2
rif,"2.2,3",0.0,0,1,1,2.0,Multiple
rif,"2.2,4.8",50.0,1,1,2,2.0,Multiple
rif,2.2.1,34.9003984063745,876,1634,2510,1.0,2
rif,"2.2.1,4",0.0,0,3,3,2.0,Multiple
rif,"2.2.1,4.2",0.0,0,1,1,2.0,Multiple
rif,"2.2.1,4.8",0.0,0,8,8,2.0,Multiple
rif,"2.2.1,4.9",0.0,0,4,4,2.0,Multiple
rif,2.2.1.1,26.08695652173913,18,51,69,1.0,2
rif,2.2.1.1.1,47.98136645962733,309,335,644,1.0,2
rif,"2.2.1.1.1,2.2.1.1.2",100.0,1,0,1,2.0,Multiple
rif,"2.2.1.1.1,3.1.1.i1",0.0,0,1,1,2.0,Multiple
rif,"2.2.1.1.1,4.2.1.2.1.1",0.0,0,2,2,2.0,Multiple
rif,"2.2.1.1.1,4.2.1.2.1.1.i1",0.0,0,6,6,2.0,Multiple
rif,2.2.1.1.1.i1,16.666666666666668,1,5,6,1.0,2
rif,2.2.1.1.1.i2,0.0,0,2,2,1.0,2
rif,2.2.1.1.1.i3,50.0,24,24,48,1.0,2
rif,2.2.1.1.2,58.333333333333336,7,5,12,1.0,2
rif,2.2.1.2,100.0,1,0,1,1.0,2
rif,"2.2.1.2,3.1,4.2.1.1.1.1.1.1.i2",0.0,0,1,1,3.0,Multiple
rif,2.2.2,72.72727272727273,184,69,253,1.0,2
rif,"2.2.2,2.2.1",0.0,0,1,1,2.0,Multiple
rif,"2.2.2,2.2.1.1.1",0.0,0,1,1,2.0,Multiple
rif,3,35.714285714285715,50,90,140,1.0,3
rif,"3,4",0.0,0,1,1,2.0,Multiple
rif,3.1,0.0,0,2,2,1.0,3
rif,"3.1,4.2.1.1.1.1.1.1.i2",0.0,0,1,1,2.0,Multiple
rif,3.1.1,43.24324324324324,64,84,148,1.0,3
rif,"3.1.1,2.2.1.1.1",100.0,3,0,3,2.0,Multiple
rif,"3.1.1,4.1.i1.1.1.1",0.0,0,1,1,2.0,Multiple
rif,"3.1.1,4.2.1.1.1.1.1.1.i2",0.0,0,1,1,2.0,Multiple
rif,"3.1.1,4.2.1.1.1.2.1.1",100.0,1,0,1,2.0,Multiple
rif,3.1.1.,0.0,0,1,1,1.0,3
rif,3.1.1.i1,26.666666666666668,4,11,15,1.0,3
rif,3.1.1.i2,31.03448275862069,9,20,29,1.0,3
rif,3.1.2,0.0,0,9,9,1.0,3
rif,3.1.2.1,25.0,2,6,8,1.0,3
rif,3.1.2.2,0.0,0,1,1,1.0,3
rif,3.2,0.0,0,1,1,1.0,3
rif,3.2.1,0.0,0,1,1,1.0,3
rif,4,37.77777777777778,17,28,45,1.0,4
rif,4.1,48.648648648648646,18,19,37,1.0,4
rif,4.1.1,75.0,3,1,4,1.0,4
rif,"4.1.1,4.8",100.0,1,0,1,2.0,Multiple
rif,4.1.1.1,37.5,6,10,16,1.0,4
rif,4.1.1.2,0.0,0,5,5,1.0,4
rif,4.1.1.3,73.4375,47,17,64,1.0,4
rif,4.1.2,11.11111111111111,4,32,36,1.0,4
rif,4.1.2.1,22.767857142857142,51,173,224,1.0,4
rif,"4.1.2.1,2.2.1",16.666666666666668,1,5,6,2.0,Multiple
rif,"4.1.2.1,2.2.1,1.1.2",100.0,1,0,1,3.0,Multiple
rif,"4.1.2.1,3",100.0,1,0,1,2.0,Multiple
rif,"4.1.2.1,4.2.1",100.0,1,0,1,2.0,Multiple
rif,"4.1.2.1,4.3.3",100.0,1,0,1,2.0,Multiple
rif,"4.1.2.1,4.4.1.1",100.0,1,0,1,2.0,Multiple
rif,"4.1.2.1,4.8",0.0,0,3,3,2.0,Multiple
rif,4.1.i1.1.1,0.0,0,1,1,1.0,4
rif,4.1.i1.1.1.1,24.719101123595507,66,201,267,1.0,4
rif,"4.1.i1.1.1.1,2.2.1.1.1",0.0,0,2,2,2.0,Multiple
rif,"4.1.i1.1.1.1,4.2.1.2.1.1.i4.1",0.0,0,2,2,2.0,Multiple
rif,"4.1.i1.1.1.1,4.2.1.2.2.1",0.0,0,1,1,2.0,Multiple
rif,4.1.i1.1.1.2,60.0,3,2,5,1.0,4
rif,4.1.i1.1.2,33.333333333333336,1,2,3,1.0,4
rif,4.1.i1.2.1,20.610687022900763,27,104,131,1.0,4
rif,"4.1.i1.2.1,2.2.1.1.1",0.0,0,3,3,2.0,Multiple
rif,4.1.i1.2.2,0.0,0,4,4,1.0,4
rif,4.1.i2.1,0.0,0,1,1,1.0,4
rif,"4.1.i2.1,4.2.1.2.1.1.i1",0.0,0,1,1,2.0,Multiple
rif,4.2,0.0,0,2,2,1.0,4
rif,"4.2,4.8",100.0,1,0,1,2.0,Multiple
rif,"4.2,4.9",50.0,1,1,2,2.0,Multiple
rif,4.2.1,59.55473098330241,321,218,539,1.0,4
rif,"4.2.1,2.2.1",100.0,15,0,15,2.0,Multiple
rif,"4.2.1,2.2.1,4.8",100.0,1,0,1,3.0,Multiple
rif,"4.2.1,4.9",0.0,0,1,1,2.0,Multiple
rif,4.2.1.1.1.1.1.1.i1,33.61344537815126,40,79,119,1.0,4
rif,"4.2.1.1.1.1.1.1.i1,1.2.1.1.1",0.0,0,1,1,2.0,Multiple
rif,"4.2.1.1.1.1.1.1.i1,4.2.1.2.1.1.i1",0.0,0,2,2,2.0,Multiple
rif,4.2.1.1.1.1.1.1.i2,25.0,8,24,32,1.0,4
rif,4.2.1.1.1.1.2,100.0,28,0,28,1.0,4
rif,4.2.1.1.1.2.1.1.1.1.1,11.764705882352942,2,15,17,1.0,4
rif,4.2.1.1.1.2.1.1.1.1.2,57.142857142857146,4,3,7,1.0,4
rif,4.2.1.1.1.2.1.2,0.0,0,1,1,1.0,4
rif,4.2.1.1.1.2.2.1.1.1.2,100.0,3,0,3,1.0,4
rif,"4.2.1.1.1.2.2.1.1.1.2,4.2.1.1.1.2.2.1.2,1.1.1.2.i1,3.1,4.2.1.1.1.1.1.1.i2",0.0,0,1,1,5.0,Multiple
rif,4.2.1.1.1.2.2.1.1.2,0.0,0,2,2,1.0,4
rif,4.2.1.1.1.2.2.1.2,100.0,1,0,1,1.0,4
rif,"4.2.1.1.1.2.2.1.2,4.2.1.2.1.1.i3.2",100.0,1,0,1,2.0,Multiple
rif,4.2.1.1.2,14.893617021276595,7,40,47,1.0,4
rif,4.2.1.2.1.1,0.0,0,1,1,1.0,4
rif,4.2.1.2.1.1.i1,23.91304347826087,22,70,92,1.0,4
rif,4.2.1.2.1.1.i2,87.5,7,1,8,1.0,4
rif,4.2.1.2.1.1.i3.1,44.0,22,28,50,1.0,4
rif,"4.2.1.2.1.1.i3.1,2.2.1.1.1",100.0,1,0,1,2.0,Multiple
rif,4.2.1.2.1.1.i3.2,45.23809523809524,19,23,42,1.0,4
rif,4.2.1.2.1.1.i4.1,57.990867579908674,127,92,219,1.0,4
rif,"4.2.1.2.1.1.i4.1,4.2.1.2.1.1.i1",100.0,1,0,1,2.0,Multiple
rif,4.2.1.2.1.2,33.333333333333336,1,2,3,1.0,4
rif,"4.2.1.2.1.2,4.2.1.1.1.2.2.1.1.1.2,4.1.i1.2.2,4.1.i1.1,1.1.1.2.i1,3.1,4.2.1.1.1.2.1.1.1,4.2.1.1.1.1.1.1.i2",0.0,0,1,1,8.0,Multiple
rif,4.2.1.2.2.1,33.333333333333336,1,2,3,1.0,4
rif,4.2.1.2.2.1.1,55.932203389830505,33,26,59,1.0,4
rif,4.2.1.2.2.1.2,25.0,3,9,12,1.0,4
rif,4.2.1.2.2.2,14.285714285714286,3,18,21,1.0,4
rif,4.2.2,40.74074074074074,11,16,27,1.0,4
rif,4.2.2.1,59.375,19,13,32,1.0,4
rif,4.2.2.2.1,84.21052631578948,16,3,19,1.0,4
rif,4.2.2.2.2,50.0,1,1,2,1.0,4
rif,4.3,0.0,0,1,1,1.0,4
rif,"4.3,4.4.1.2,4.9",0.0,0,2,2,3.0,Multiple
rif,"4.3,4.9",0.0,0,1,1,2.0,Multiple
rif,4.3.1,0.0,0,2,2,1.0,4
rif,4.3.2,53.333333333333336,8,7,15,1.0,4
rif,4.3.2.1,40.74074074074074,11,16,27,1.0,4
rif,4.3.3,40.54054054054054,150,220,370,1.0,4
rif,"4.3.3,2.2.1",0.0,0,1,1,2.0,Multiple
rif,"4.3.3,4.2.1",50.0,1,1,2,2.0,Multiple
rif,"4.3.3,4.8",0.0,0,2,2,2.0,Multiple
rif,4.3.4,50.0,1,1,2,1.0,4
rif,4.3.4.1,28.169014084507044,20,51,71,1.0,4
rif,4.3.4.2,82.55813953488372,71,15,86,1.0,4
rif,4.3.4.2.1,53.84615384615385,7,6,13,1.0,4
rif,4.4,0.0,0,1,1,1.0,4
rif,4.4.1.1,64.83516483516483,59,32,91,1.0,4
rif,4.4.1.2,0.0,0,12,12,1.0,4
rif,4.4.2,13.08411214953271,14,93,107,1.0,4
rif,4.5,17.073170731707318,14,68,82,1.0,4
rif,"4.5,4.9",0.0,0,2,2,2.0,Multiple
rif,4.6,77.77777777777777,7,2,9,1.0,4
rif,4.6.1.1,12.5,1,7,8,1.0,4
rif,4.6.1.2,100.0,6,0,6,1.0,4
rif,4.6.2,80.64516129032258,25,6,31,1.0,4
rif,4.6.2.2,14.285714285714286,1,6,7,1.0,4
rif,4.7,26.47058823529412,9,25,34,1.0,4
rif,4.8,12.18905472636816,49,353,402,1.0,4
rif,"4.8,4.3.4.1",0.0,0,1,1,2.0,Multiple
rif,"4.8,4.9",0.0,0,1,1,2.0,Multiple
rif,4.9,10.9375,7,57,64,1.0,4
rif,5,0.0,0,1,1,1.0,5
rif,6,0.0,0,1,1,1.0,6
rif,"6,BOV_AFRI",25.0,1,3,4,2.0,Multiple
rif,BOV_AFRI,0.0,0,20,20,1.0,Bovine
rif,,12.5,1,7,8,0.0,None
str,1,0.0,0,1,1,1.0,1
str,1.1,100.0,1,0,1,1.0,1
str,1.1.1,33.333333333333336,1,2,3,1.0,1
str,"1.1.1,4.9",0.0,0,1,1,2.0,Multiple
str,1.1.1.1,33.333333333333336,1,2,3,1.0,1
str,1.1.1.1.1,30.43478260869565,7,16,23,1.0,1
str,"1.1.1.1.1,2.2.1.1.1",66.66666666666667,2,1,3,2.0,Multiple
str,1.1.1.2,8.0,2,23,25,1.0,1
str,"1.1.1.2,4.2.1.1.1.1.1.1.i2",0.0,0,1,1,2.0,Multiple
str,"1.1.1.2.i1,2.2.1.1.1.i3",100.0,1,0,1,2.0,Multiple
str,1.1.2,14.705882352941176,25,145,170,1.0,1
str,"1.1.2,2.2.1.1.1",100.0,2,0,2,2.0,Multiple
str,"1.1.2,4",0.0,0,1,1,2.0,Multiple
str,1.1.3,9.67741935483871,3,28,31,1.0,1
str,"1.1.3,4.9",0.0,0,2,2,2.0,Multiple
str,1.2.1,21.428571428571427,6,22,28,1.0,1
str,"1.2.1,4.9",0.0,0,1,1,2.0,Multiple
str,1.2.1.1.1,62.5,5,3,8,1.0,1
str,1.2.1.1.2,0.0,0,3,3,1.0,1
str,1.2.2,25.64102564102564,10,29,39,1.0,1
str,"1.2.2,4",0.0,0,1,1,2.0,Multiple
str,1.2.2.1,34.14634146341464,14,27,41,1.0,1
str,"1.2.2.1,1.1.2",0.0,0,1,1,2.0,Multiple
str,"1.2.2.1,2.2.1.1.1",100.0,1,0,1,2.0,Multiple
str,"1.2.2.1,4",0.0,0,1,1,2.0,Multiple
str,"1.2.2.1,4.2.1.2.1.1.i3.1,4.1.i1.1.1.1,2.2.1.1.1,4.2.1.2.1.1.i3.2,4.1.i1.1.2,1.1.1.2.i1,3.1.1.i1,4.2.1.1.1.1.1.1.i2",0.0,0,1,1,8.0,Multiple
str,1.2.2.2,0.0,0,15,15,1.0,1
str,"2,4.8",0.0,0,1,1,2.0,Multiple
str,2.1,60.0,3,2,5,1.0,2
str,2.2,0.0,0,1,1,1.0,2
str,"2.2,3",0.0,0,1,1,2.0,Multiple
str,"2.2,4.8",0.0,0,2,2,2.0,Multiple
str,2.2.1,38.80478087649402,974,1536,2510,1.0,2
str,"2.2.1,4",33.333333333333336,1,2,3,2.0,Multiple
str,"2.2.1,4.2",0.0,0,1,1,2.0,Multiple
str,"2.2.1,4.8",25.0,2,6,8,2.0,Multiple
str,"2.2.1,4.9",75.0,3,1,4,2.0,Multiple
str,2.2.1.1,33.333333333333336,23,46,69,1.0,2
str,2.2.1.1.1,54.19254658385093,349,295,644,1.0,2
str,"2.2.1.1.1,2.2.1.1.2",100.0,1,0,1,2.0,Multiple
str,"2.2.1.1.1,3.1.1.i1",0.0,0,1,1,2.0,Multiple
str,"2.2.1.1.1,4.2.1.2.1.1",0.0,0,2,2,2.0,Multiple
str,"2.2.1.1.1,4.2.1.2.1.1.i1",16.666666666666668,1,5,6,2.0,Multiple
str,2.2.1.1.1.i1,16.666666666666668,1,5,6,1.0,2
str,2.2.1.1.1.i2,0.0,0,2,2,1.0,2
str,2.2.1.1.1.i3,64.58333333333333,31,17,48,1.0,2
str,2.2.1.1.2,41.66666666666666,5,7,12,1.0,2
str,2.2.1.2,100.0,1,0,1,1.0,2
str,"2.2.1.2,3.1,4.2.1.1.1.1.1.1.i2",0.0,0,1,1,3.0,Multiple
str,2.2.2,61.6600790513834,156,97,253,1.0,2
str,"2.2.2,2.2.1",0.0,0,1,1,2.0,Multiple
str,"2.2.2,2.2.1.1.1",0.0,0,1,1,2.0,Multiple
str,3,39.285714285714285,55,85,140,1.0,3
str,"3,4",0.0,0,1,1,2.0,Multiple
str,3.1,50.0,1,1,2,1.0,3
str,"3.1,4.2.1.1.1.1.1.1.i2",0.0,0,1,1,2.0,Multiple
str,3.1.1,31.75675675675676,47,101,148,1.0,3
str,"3.1.1,2.2.1.1.1",66.66666666666667,2,1,3,2.0,Multiple
str,"3.1.1,4.1.i1.1.1.1",0.0,0,1,1,2.0,Multiple
str,"3.1.1,4.2.1.1.1.1.1.1.i2",0.0,0,1,1,2.0,Multiple
str,"3.1.1,4.2.1.1.1.2.1.1",0.0,0,1,1,2.0,Multiple
str,3.1.1.,0.0,0,1,1,1.0,3
str,3.1.1.i1,26.666666666666668,4,11,15,1.0,3
str,3.1.1.i2,27.58620689655172,8,21,29,1.0,3
str,3.1.2,0.0,0,9,9,1.0,3
str,3.1.2.1,25.0,2,6,8,1.0,3
str,3.1.2.2,0.0,0,1,1,1.0,3
str,3.2,0.0,0,1,1,1.0,3
str,3.2.1,0.0,0,1,1,1.0,3
str,4,28.88888888888889,13,32,45,1.0,4
str,4.1,70.27027027027027,26,11,37,1.0,4
str,4.1.1,50.0,2,2,4,1.0,4
str,"4.1.1,4.8",100.0,1,0,1,2.0,Multiple
str,4.1.1.1,31.25,5,11,16,1.0,4
str,4.1.1.2,20.0,1,4,5,1.0,4
str,4.1.1.3,73.4375,47,17,64,1.0,4
str,4.1.2,5.555555555555555,2,34,36,1.0,4
str,4.1.2.1,20.982142857142858,47,177,224,1.0,4
str,"4.1.2.1,2.2.1",83.33333333333333,5,1,6,2.0,Multiple
str,"4.1.2.1,2.2.1,1.1.2",100.0,1,0,1,3.0,Multiple
str,"4.1.2.1,3",0.0,0,1,1,2.0,Multiple
str,"4.1.2.1,4.2.1",100.0,1,0,1,2.0,Multiple
str,"4.1.2.1,4.3.3",100.0,1,0,1,2.0,Multiple
str,"4.1.2.1,4.4.1.1",100.0,1,0,1,2.0,Multiple
str,"4.1.2.1,4.8",33.333333333333336,1,2,3,2.0,Multiple
str,4.1.i1.1.1,0.0,0,1,1,1.0,4
str,4.1.i1.1.1.1,20.2247191011236,54,213,267,1.0,4
str,"4.1.i1.1.1.1,2.2.1.1.1",50.0,1,1,2,2.0,Multiple
str,"4.1.i1.1.1.1,4.2.1.2.1.1.i4.1",0.0,0,2,2,2.0,Multiple
str,"4.1.i1.1.1.1,4.2.1.2.2.1",0.0,0,1,1,2.0,Multiple
str,4.1.i1.1.1.2,20.0,1,4,5,1.0,4
str,4.1.i1.1.2,66.66666666666667,2,1,3,1.0,4
str,4.1.i1.2.1,24.427480916030536,32,99,131,1.0,4
str,"4.1.i1.2.1,2.2.1.1.1",0.0,0,3,3,2.0,Multiple
str,4.1.i1.2.2,25.0,1,3,4,1.0,4
str,4.1.i2.1,100.0,1,0,1,1.0,4
str,"4.1.i2.1,4.2.1.2.1.1.i1",0.0,0,1,1,2.0,Multiple
str,4.2,0.0,0,2,2,1.0,4
str,"4.2,4.8",100.0,1,0,1,2.0,Multiple
str,"4.2,4.9",50.0,1,1,2,2.0,Multiple
str,4.2.1,61.96660482374768,334,205,539,1.0,4
str,"4.2.1,2.2.1",93.33333333333331,14,1,15,2.0,Multiple
str,"4.2.1,2.2.1,4.8",100.0,1,0,1,3.0,Multiple
str,"4.2.1,4.9",0.0,0,1,1,2.0,Multiple
str,4.2.1.1.1.1.1.1.i1,24.369747899159663,29,90,119,1.0,4
str,"4.2.1.1.1.1.1.1.i1,1.2.1.1.1",0.0,0,1,1,2.0,Multiple
str,"4.2.1.1.1.1.1.1.i1,4.2.1.2.1.1.i1",0.0,0,2,2,2.0,Multiple
str,4.2.1.1.1.1.1.1.i2,18.75,6,26,32,1.0,4
str,4.2.1.1.1.1.2,32.142857142857146,9,19,28,1.0,4
str,4.2.1.1.1.2.1.1.1.1.1,0.0,0,17,17,1.0,4
str,4.2.1.1.1.2.1.1.1.1.2,28.571428571428573,2,5,7,1.0,4
str,4.2.1.1.1.2.1.2,0.0,0,1,1,1.0,4
str,4.2.1.1.1.2.2.1.1.1.2,100.0,3,0,3,1.0,4
str,"4.2.1.1.1.2.2.1.1.1.2,4.2.1.1.1.2.2.1.2,1.1.1.2.i1,3.1,4.2.1.1.1.1.1.1.i2",0.0,0,1,1,5.0,Multiple
str,4.2.1.1.1.2.2.1.1.2,0.0,0,2,2,1.0,4
str,4.2.1.1.1.2.2.1.2,0.0,0,1,1,1.0,4
str,"4.2.1.1.1.2.2.1.2,4.2.1.2.1.1.i3.2",0.0,0,1,1,2.0,Multiple
str,4.2.1.1.2,10.638297872340424,5,42,47,1.0,4
str,4.2.1.2.1.1,0.0,0,1,1,1.0,4
str,4.2.1.2.1.1.i1,9.782608695652174,9,83,92,1.0,4
str,4.2.1.2.1.1.i2,25.0,2,6,8,1.0,4
str,4.2.1.2.1.1.i3.1,48.0,24,26,50,1.0,4
str,"4.2.1.2.1.1.i3.1,2.2.1.1.1",100.0,1,0,1,2.0,Multiple
str,4.2.1.2.1.1.i3.2,28.571428571428573,12,30,42,1.0,4
str,4.2.1.2.1.1.i4.1,31.963470319634705,70,149,219,1.0,4
str,"4.2.1.2.1.1.i4.1,4.2.1.2.1.1.i1",0.0,0,1,1,2.0,Multiple
str,4.2.1.2.1.2,0.0,0,3,3,1.0,4
str,"4.2.1.2.1.2,4.2.1.1.1.2.2.1.1.1.2,4.1.i1.2.2,4.1.i1.1,1.1.1.2.i1,3.1,4.2.1.1.1.2.1.1.1,4.2.1.1.1.1.1.1.i2",0.0,0,1,1,8.0,Multiple
str,4.2.1.2.2.1,33.333333333333336,1,2,3,1.0,4
str,4.2.1.2.2.1.1,40.67796610169491,24,35,59,1.0,4
str,4.2.1.2.2.1.2,0.0,0,12,12,1.0,4
str,4.2.1.2.2.2,4.761904761904762,1,20,21,1.0,4
str,4.2.2,25.925925925925927,7,20,27,1.0,4
str,4.2.2.1,43.75,14,18,32,1.0,4
str,4.2.2.2.1,78.94736842105263,15,4,19,1.0,4
str,4.2.2.2.2,50.0,1,1,2,1.0,4
str,4.3,100.0,1,0,1,1.0,4
str,"4.3,4.4.1.2,4.9",0.0,0,2,2,3.0,Multiple
str,"4.3,4.9",0.0,0,1,1,2.0,Multiple
str,4.3.1,0.0,0,2,2,1.0,4
str,4.3.2,13.333333333333334,2,13,15,1.0,4
str,4.3.2.1,25.925925925925927,7,20,27,1.0,4
str,4.3.3,27.83783783783784,103,267,370,1.0,4
str,"4.3.3,2.2.1",0.0,0,1,1,2.0,Multiple
str,"4.3.3,4.2.1",100.0,2,0,2,2.0,Multiple
str,"4.3.3,4.8",0.0,0,2,2,2.0,Multiple
str,4.3.4,0.0,0,2,2,1.0,4
str,4.3.4.1,12.67605633802817,9,62,71,1.0,4
str,4.3.4.2,77.90697674418605,67,19,86,1.0,4
str,4.3.4.2.1,15.384615384615383,2,11,13,1.0,4
str,4.4,0.0,0,1,1,1.0,4
str,4.4.1.1,56.04395604395605,51,40,91,1.0,4
str,4.4.1.2,8.333333333333334,1,11,12,1.0,4
str,4.4.2,13.08411214953271,14,93,107,1.0,4
str,4.5,4.878048780487805,4,78,82,1.0,4
str,"4.5,4.9",0.0,0,2,2,2.0,Multiple
str,4.6,55.55555555555556,5,4,9,1.0,4
str,4.6.1.1,12.5,1,7,8,1.0,4
str,4.6.1.2,16.666666666666668,1,5,6,1.0,4
str,4.6.2,9.67741935483871,3,28,31,1.0,4
str,4.6.2.2,14.285714285714286,1,6,7,1.0,4
str,4.7,11.764705882352942,4,30,34,1.0,4
str,4.8,19.402985074626866,78,324,402,1.0,4
str,"4.8,4.3.4.1",0.0,0,1,1,2.0,Multiple
str,"4.8,4.9",0.0,0,1,1,2.0,Multiple
str,4.9,14.0625,9,55,64,1.0,4
str,5,0.0,0,1,1,1.0,5
str,6,0.0,0,1,1,1.0,6
str,"6,BOV_AFRI",0.0,0,4,4,2.0,Multiple
str,BOV_AFRI,0.0,0,20,20,1.0,Bovine
str,,0.0,0,8,8,0.0,None
