ip,location,lat,lng
40.77.167.99,"Boydton, Virginia, US",36.6676,-78.3875
40.77.167.67,"Boydton, Virginia, US",36.6676,-78.3875
84.88.186.196,"Barcelona, Catalonia, ES",41.3888,2.159
52.43.50.21,"Boardman, Oregon, US",45.8399,-119.7006
145.255.74.252,"Muscat, Muscat, OM",23.5841,58.4078
117.136.38.98,"Beijing, Beijing, CN",39.9075,116.3972
142.44.166.135,"Montréal, Quebec, CA",45.504,-73.5747
185.191.171.17,"Washington, Washington, D.C., US",38.8951,-77.0364
185.191.171.21,"Washington, Washington, D.C., US",38.8951,-77.0364
223.104.38.125,"Beijing, Beijing, CN",39.9075,116.3972
185.191.171.19,"Washington, Washington, D.C., US",38.8951,-77.0364
35.81.238.115,"Boardman, Oregon, US",45.8399,-119.7006
120.235.173.111,"Shenzhen, Guangdong, CN",22.5455,114.0683
203.123.98.86,"Sydney, New South Wales, AU",-33.8678,151.2073
213.180.203.70,"Moscow, Moscow, RU",55.7522,37.6156
87.250.224.48,"Moscow, Moscow, RU",55.7522,37.6156
134.96.118.195,"Saarbrücken, Saarland, DE",49.2326,7.0098
5.255.253.156,"Moscow, Moscow, RU",55.7522,37.6156
207.46.13.151,"Quincy, Washington, US",47.2343,-119.8525
133.18.172.226,"Osaka, Ōsaka, JP",34.6937,135.5022
44.202.188.41,"Ashburn, Virginia, US",39.0437,-77.4875
66.249.66.51,"Greensboro, North Carolina, US",36.0726,-79.792
66.249.66.49,"Greensboro, North Carolina, US",36.0726,-79.792
51.222.253.2,"Montréal, Quebec, CA",45.504,-73.5747
51.222.253.20,"Montréal, Quebec, CA",45.504,-73.5747
168.119.68.171,"Marl, North Rhine-Westphalia, DE",51.6567,7.0904
52.186.46.222,"Hampden Sydney, Virginia, US",37.3058,-78.5462
66.249.66.203,"Greensboro, North Carolina, US",36.0726,-79.792
185.191.171.14,"Washington, Washington, D.C., US",38.8951,-77.0364
185.191.171.45,"Washington, Washington, D.C., US",38.8951,-77.0364
218.78.105.50,"Hefei, Anhui, CN",31.8639,117.2808
146.232.173.49,"Stellenbosch, Western Cape, ZA",-33.9346,18.8668
212.87.2.58,"Warsaw, Mazovia, PL",52.2298,21.0118
172.121.219.212,"Dallas, Texas, US",32.7831,-96.8067
103.131.71.152,"Ho Chi Minh City, Ho Chi Minh, VN",10.823,106.6296
103.131.71.168,"Ho Chi Minh City, Ho Chi Minh, VN",10.823,106.6296
185.191.171.36,"Washington, Washington, D.C., US",38.8951,-77.0364
185.191.171.9,"Washington, Washington, D.C., US",38.8951,-77.0364
114.119.148.88,"Singapore, Singapore, SG",1.3557,103.8237
66.249.66.53,"Greensboro, North Carolina, US",36.0726,-79.792
66.249.66.87,"Greensboro, North Carolina, US",36.0726,-79.792
137.187.60.6,"Bethesda, Maryland, US",38.9807,-77.1003
172.121.217.41,"Dallas, Texas, US",32.7831,-96.8067
40.77.167.28,"Boydton, Virginia, US",36.6676,-78.3875
87.249.132.130,"Frankfurt am Main, Hesse, DE",50.1112,8.6831
114.119.135.223,"Singapore, Singapore, SG",1.3557,103.8237
66.249.66.147,"Greensboro, North Carolina, US",36.0726,-79.792
178.238.232.210,"Karlsruhe, Baden-Wurttemberg, DE",49.0094,8.4044
3.128.79.74,"Hilliard, Ohio, US",40.0334,-83.1582
150.158.93.71,"Shanghai, Shanghai, CN",31.2222,121.4581
52.4.143.42,"Ashburn, Virginia, US",39.0437,-77.4875
10.119.226.215,,,
54.145.53.70,"Ashburn, Virginia, US",39.0437,-77.4875
65.190.59.5,"Raleigh, North Carolina, US",35.7645,-78.7112
162.241.87.61,"Houston, Texas, US",29.7633,-95.3633
185.191.171.15,"Washington, Washington, D.C., US",38.8951,-77.0364
66.249.66.199,"Greensboro, North Carolina, US",36.0726,-79.792
66.249.66.25,"Greensboro, North Carolina, US",36.0726,-79.792
64.124.8.44,"Phoenix, Arizona, US",33.4484,-112.074
207.46.13.19,"Quincy, Washington, US",47.2343,-119.8525
40.77.188.108,"Chicago, Illinois, US",41.85,-87.65
150.158.75.127,"Shanghai, Shanghai, CN",31.2222,121.4581
181.47.195.15,"Buenos Aires, Buenos Aires F.D., AR",-34.5167,-58.5389
54.36.148.236,"Paris, Île-de-France, FR",48.8534,2.3488
51.222.253.7,"Montréal, Quebec, CA",45.504,-73.5747
209.126.151.124,"San Diego, California, US",32.7157,-117.1647
66.249.66.89,"Greensboro, North Carolina, US",36.0726,-79.792
24.137.113.59,"Charlottetown, Prince Edward Island, CA",46.2346,-63.1256
82.145.210.198,"Amsterdam, North Holland, NL",52.374,4.8897
66.249.66.88,"Greensboro, North Carolina, US",36.0726,-79.792
167.172.219.157,"Santa Clara, California, US",37.3483,-121.9844
150.158.141.79,"Shanghai, Shanghai, CN",31.2222,121.4581
216.244.66.250,"Seattle, Washington, US",47.6062,-122.3321
173.252.83.16,"Chicago, Illinois, US",41.85,-87.65
150.158.93.86,"Shanghai, Shanghai, CN",31.2222,121.4581
207.46.13.202,"Quincy, Washington, US",47.2343,-119.8525
208.127.227.201,"New York City, New York, US",40.7143,-74.006
120.235.173.53,"Shenzhen, Guangdong, CN",22.5455,114.0683
66.240.219.173,"Twentynine Palms, California, US",34.1356,-116.0542
124.220.161.119,"Beijing, Beijing, CN",39.9075,116.3972
51.222.253.1,"Montréal, Quebec, CA",45.504,-73.5747
51.222.253.3,"Montréal, Quebec, CA",45.504,-73.5747
144.76.19.118,"Sankt Augustin, North Rhine-Westphalia, DE",50.7754,7.197
185.191.171.34,"Washington, Washington, D.C., US",38.8951,-77.0364
185.191.171.18,"Washington, Washington, D.C., US",38.8951,-77.0364
185.191.171.4,"Washington, Washington, D.C., US",38.8951,-77.0364
44.202.209.62,"Ashburn, Virginia, US",39.0437,-77.4875
142.132.248.183,"Falkenstein, Saxony, DE",50.4779,12.3713
138.201.194.252,"Meckenheim, North Rhine-Westphalia, DE",50.6239,7.0294
192.133.77.16,"Newburgh, New York, US",41.5372,-74.0526
168.119.68.242,"Marl, North Rhine-Westphalia, DE",51.6567,7.0904
64.124.8.47,"Phoenix, Arizona, US",33.4484,-112.074
23.239.26.18,"Richardson, Texas, US",32.9482,-96.7297
128.14.133.58,"Los Angeles, California, US",34.0522,-118.2437
133.18.194.149,"Osaka, Ōsaka, JP",34.6937,135.5022
173.252.83.17,"Chicago, Illinois, US",41.85,-87.65
54.36.148.19,"Paris, Île-de-France, FR",48.8534,2.3488
35.203.252.38,"Mountain View, California, US",37.4056,-122.0775
110.227.212.129,"Mumbai, Maharashtra, IN",18.95,72.8167
35.203.252.36,"Mountain View, California, US",37.4056,-122.0775
35.203.252.44,"Mountain View, California, US",37.4056,-122.0775
35.203.252.12,"Mountain View, California, US",37.4056,-122.0775
35.203.251.200,"Mountain View, California, US",37.4056,-122.0775
35.203.252.40,"Mountain View, California, US",37.4056,-122.0775
35.203.252.37,"Mountain View, California, US",37.4056,-122.0775
35.203.251.236,"Mountain View, California, US",37.4056,-122.0775
35.203.251.234,"Mountain View, California, US",37.4056,-122.0775
35.203.251.225,"Mountain View, California, US",37.4056,-122.0775
35.203.252.45,"Mountain View, California, US",37.4056,-122.0775
35.203.252.32,"Mountain View, California, US",37.4056,-122.0775
128.14.134.170,"Los Angeles, California, US",34.0522,-118.2437
197.156.100.103,"Addis Ababa, Addis Ababa, ET",9.025,38.7469
74.208.227.128,"Chicago, Illinois, US",41.85,-87.65
114.119.137.184,"Singapore, Singapore, SG",1.3557,103.8237
185.191.171.37,"Washington, Washington, D.C., US",38.8951,-77.0364
185.191.171.23,"Washington, Washington, D.C., US",38.8951,-77.0364
14.139.61.232,"Nāngloi Jāt, Delhi, IN",28.6035,77.0894
142.44.167.89,"Montréal, Quebec, CA",45.504,-73.5747
44.203.24.156,"Ashburn, Virginia, US",39.0437,-77.4875
114.119.135.159,"Singapore, Singapore, SG",1.3557,103.8237
66.249.66.29,"Greensboro, North Carolina, US",36.0726,-79.792
147.92.153.5,"Tokyo, Tokyo, JP",35.6895,139.6917
147.92.153.8,"Tokyo, Tokyo, JP",35.6895,139.6917
147.92.153.11,"Tokyo, Tokyo, JP",35.6895,139.6917
147.92.153.10,"Tokyo, Tokyo, JP",35.6895,139.6917
147.92.153.15,"Tokyo, Tokyo, JP",35.6895,139.6917
147.92.153.4,"Tokyo, Tokyo, JP",35.6895,139.6917
147.92.153.6,"Tokyo, Tokyo, JP",35.6895,139.6917
147.92.153.3,"Tokyo, Tokyo, JP",35.6895,139.6917
147.92.153.1,"Tokyo, Tokyo, JP",35.6895,139.6917
17.121.113.65,"Dearing, Kansas, US",37.0587,-95.7133
128.1.248.42,"Los Angeles, California, US",34.0522,-118.2437
185.191.171.8,"Washington, Washington, D.C., US",38.8951,-77.0364
128.14.209.162,"Dallas, Texas, US",32.7831,-96.8067
5.255.253.117,"Moscow, Moscow, RU",55.7522,37.6156
128.1.248.34,"Los Angeles, California, US",34.0522,-118.2437
23.90.160.138,"Amsterdam, North Holland, NL",52.374,4.8897
193.118.55.162,"Amsterdam, North Holland, NL",52.374,4.8897
14.139.45.242,"Delhi, Delhi, IN",28.6764,77.2074
17.121.114.194,"Dearing, Kansas, US",37.0587,-95.7133
20.239.198.91,"Hong Kong, Central and Western, HK",22.2783,114.1747
17.121.112.202,"Dearing, Kansas, US",37.0587,-95.7133
181.13.70.195,"Buenos Aires, Buenos Aires F.D., AR",-34.7,-58.4417
44.203.110.254,"Ashburn, Virginia, US",39.0437,-77.4875
150.158.97.92,"Shanghai, Shanghai, CN",31.2222,121.4581
5.188.181.101,"Madrid, Madrid, ES",40.4165,-3.7026
54.36.148.207,"Paris, Île-de-France, FR",48.8534,2.3488
51.222.253.12,"Montréal, Quebec, CA",45.504,-73.5747
51.222.253.9,"Montréal, Quebec, CA",45.504,-73.5747
51.222.253.19,"Montréal, Quebec, CA",45.504,-73.5747
51.222.253.8,"Montréal, Quebec, CA",45.504,-73.5747
51.222.253.17,"Montréal, Quebec, CA",45.504,-73.5747
66.249.64.217,"Columbia, South Carolina, US",34.0007,-81.0348
66.249.64.219,"Columbia, South Carolina, US",34.0007,-81.0348
194.93.0.40,"Moscow, Moscow, RU",55.7522,37.6156
185.191.171.40,"Washington, Washington, D.C., US",38.8951,-77.0364
185.191.171.2,"Washington, Washington, D.C., US",38.8951,-77.0364
66.249.64.221,"Columbia, South Carolina, US",34.0007,-81.0348
142.44.245.88,"Montréal, Quebec, CA",45.504,-73.5747
150.158.145.216,"Shanghai, Shanghai, CN",31.2222,121.4581
114.119.143.101,"Singapore, Singapore, SG",1.3557,103.8237
87.168.251.237,"Ebersbach, Saxony, DE",51.0167,14.5833
168.119.68.178,"Marl, North Rhine-Westphalia, DE",51.6567,7.0904
23.121.158.132,"Santa Clara, California, US",37.3924,-121.9623
150.158.79.69,"Shanghai, Shanghai, CN",31.2222,121.4581
114.124.242.123,"Jakarta, Jakarta, ID",-6.2146,106.8451
114.119.138.32,"Singapore, Singapore, SG",1.3557,103.8237
66.249.64.213,"Columbia, South Carolina, US",34.0007,-81.0348
35.226.117.128,"Council Bluffs, Iowa, US",41.2619,-95.8608
124.223.196.50,"Beijing, Beijing, CN",39.9075,116.3972
3.234.217.201,"Ashburn, Virginia, US",39.0437,-77.4875
149.56.20.160,"Montréal, Quebec, CA",45.5088,-73.5878
167.71.90.114,"Clifton, New Jersey, US",40.8344,-74.1377
54.36.148.217,"Paris, Île-de-France, FR",48.8534,2.3488
136.243.148.178,"Köln, North Rhine-Westphalia, DE",50.9333,6.95
133.18.226.154,"Osaka, Ōsaka, JP",34.6937,135.5022
199.59.150.181,"Sacramento, California, US",38.5816,-121.4944
199.59.150.182,"Sacramento, California, US",38.5816,-121.4944
51.222.253.18,"Montréal, Quebec, CA",45.504,-73.5747
18.133.117.2,"London, England, GB",51.5085,-0.1257
120.235.173.255,"Shenzhen, Guangdong, CN",22.5455,114.0683
5.161.131.200,"Ashburn, Virginia, US",39.0437,-77.4875
150.158.135.206,"Shanghai, Shanghai, CN",31.2222,121.4581
114.119.142.69,"Singapore, Singapore, SG",1.3557,103.8237
54.39.190.168,"Montréal, Quebec, CA",45.504,-73.5747
114.119.137.200,"Singapore, Singapore, SG",1.3557,103.8237
85.208.98.201,"Ashburn, Virginia, US",39.0437,-77.4875
85.208.98.192,"Ashburn, Virginia, US",39.0437,-77.4875
40.76.173.151,"Hampden Sydney, Virginia, US",37.3058,-78.5462
54.237.207.150,"Ashburn, Virginia, US",39.0437,-77.4875
64.124.8.39,"Phoenix, Arizona, US",33.4484,-112.074
82.145.208.72,"Amsterdam, North Holland, NL",52.374,4.8897
82.145.211.168,"Amsterdam, North Holland, NL",52.374,4.8897
185.191.171.43,"Washington, Washington, D.C., US",38.8951,-77.0364
207.244.234.127,"Chicago, Illinois, US",41.85,-87.65
52.7.141.1,"Ashburn, Virginia, US",39.0437,-77.4875
82.145.212.19,"Amsterdam, North Holland, NL",52.374,4.8897
213.159.38.90,"Vilnius, Vilnius, LT",54.6892,25.2798
100.25.147.225,"Ashburn, Virginia, US",39.0437,-77.4875
2.56.59.43,"Amsterdam, North Holland, NL",52.374,4.8897
54.36.148.94,"Paris, Île-de-France, FR",48.8534,2.3488
176.232.181.28,"Gaziantep, Gaziantep, TR",37.0594,37.3825
40.77.202.39,"Quincy, Washington, US",47.2343,-119.8525
160.252.69.9,"Nagano, Nagano, JP",36.6306,138.1903
207.244.230.119,"Kansas City, Kansas, US",39.1142,-94.6275
209.126.151.119,"San Diego, California, US",32.7157,-117.1647
82.145.208.252,"Amsterdam, North Holland, NL",52.374,4.8897
64.227.90.185,"Santa Clara, California, US",37.3483,-121.9844
51.222.253.5,"Montréal, Quebec, CA",45.504,-73.5747
64.120.121.206,"Hong Kong, Central and Western, HK",22.2783,114.1747
54.36.148.145,"Paris, Île-de-France, FR",48.8534,2.3488
88.240.215.27,"Salihli, Manisa, TR",38.4826,28.1477
94.181.152.202,"Penza, Penza, RU",53.2007,45.0046
209.126.86.66,"St. Louis, Missouri, US",38.6273,-90.1979
209.126.151.120,"San Diego, California, US",32.7157,-117.1647
207.244.234.126,"Chicago, Illinois, US",41.85,-87.65
209.126.82.86,"St. Louis, Missouri, US",38.6273,-90.1979
207.244.251.13,"St. Louis, Missouri, US",38.6273,-90.1979
103.55.145.47,"Dhaka, Dhaka, BD",23.7104,90.4074
107.178.207.44,"Mountain View, California, US",37.4056,-122.0775
176.10.11.160,"Lonigo, Veneto, IT",45.3858,11.384
3.239.83.153,"Ashburn, Virginia, US",39.0437,-77.4875
176.9.41.28,"Weimar, Thuringia, DE",50.9803,11.329
114.119.128.233,"Singapore, Singapore, SG",1.3557,103.8237
82.145.220.33,"Amsterdam, North Holland, NL",52.374,4.8897
125.140.138.60,"Cheongju-si, North Chungcheong, KR",36.611,127.5141
1.225.35.100,"Seoul, Seoul, KR",37.566,126.9784
133.18.226.103,"Osaka, Ōsaka, JP",34.6937,135.5022
69.171.251.2,"Ashburn, Virginia, US",39.0437,-77.4875
17.121.115.118,"Dearing, Kansas, US",37.0587,-95.7133
34.141.242.252,"Groningen, Groningen, NL",53.2192,6.5667
40.77.167.58,"Boydton, Virginia, US",36.6676,-78.3875
103.105.35.74,"Semarang, Central Java, ID",-6.9931,110.4208
150.158.142.190,"Shanghai, Shanghai, CN",31.2222,121.4581
35.206.153.39,"Brussels, Brussels Capital, BE",50.8505,4.3488
2.47.39.216,"Florence, Tuscany, IT",43.7729,11.2785
54.36.149.29,"Roubaix, Hauts-de-France, FR",50.6942,3.1746
3.236.116.169,"Ashburn, Virginia, US",39.0437,-77.4875
216.185.46.32,"Chicago, Illinois, US",41.85,-87.65
199.16.157.181,"Atlanta, Georgia, US",33.7718,-84.3757
40.76.162.247,"Hampden Sydney, Virginia, US",37.3058,-78.5462
114.119.145.102,"Singapore, Singapore, SG",1.3557,103.8237
51.222.253.4,"Montréal, Quebec, CA",45.504,-73.5747
168.119.68.239,"Marl, North Rhine-Westphalia, DE",51.6567,7.0904
172.121.218.105,"Dallas, Texas, US",32.7831,-96.8067
104.37.27.26,"Dallas, Texas, US",32.7831,-96.8067
93.195.61.95,"Berlin, Berlin, DE",52.4809,13.4513
51.222.253.10,"Montréal, Quebec, CA",45.504,-73.5747
87.250.224.61,"Moscow, Moscow, RU",55.7522,37.6156
95.108.213.7,"Moscow, Moscow, RU",55.7522,37.6156
87.250.224.58,"Moscow, Moscow, RU",55.7522,37.6156
54.36.148.144,"Paris, Île-de-France, FR",48.8534,2.3488
18.205.21.161,"Ashburn, Virginia, US",39.0437,-77.4875
65.108.76.15,"Helsinki, Uusimaa, FI",60.1695,24.9354
220.73.57.24,"Seoul, Seoul, KR",37.543,126.9525
17.121.112.14,"Dearing, Kansas, US",37.0587,-95.7133
114.119.153.132,"Singapore, Singapore, SG",1.3557,103.8237
152.118.231.184,"Jakarta, Jakarta, ID",-6.2146,106.8451
114.119.140.234,"Singapore, Singapore, SG",1.3557,103.8237
54.36.148.223,"Paris, Île-de-France, FR",48.8534,2.3488
17.121.112.26,"Dearing, Kansas, US",37.0587,-95.7133
82.145.210.206,"Amsterdam, North Holland, NL",52.374,4.8897
17.121.115.15,"Dearing, Kansas, US",37.0587,-95.7133
207.46.13.59,"Quincy, Washington, US",47.2343,-119.8525
172.121.219.59,"Dallas, Texas, US",32.7831,-96.8067
87.250.224.165,"Moscow, Moscow, RU",55.7522,37.6156
101.43.35.74,"Shanghai, Shanghai, CN",31.2222,121.4581
3.89.211.132,"Ashburn, Virginia, US",39.0437,-77.4875
111.229.8.97,"Nanning, Guangxi, CN",22.8167,108.3167
40.77.167.66,"Boydton, Virginia, US",36.6676,-78.3875
143.198.225.197,"Santa Clara, California, US",37.3924,-121.9623
172.56.35.81,"New York City, New York, US",40.7143,-74.006
14.139.62.30,"Gurgaon, Haryana, IN",28.4601,77.0263
185.180.143.146,"Amsterdam, North Holland, NL",52.374,4.8897
114.119.135.202,"Singapore, Singapore, SG",1.3557,103.8237
185.33.85.101,"Chicago, Illinois, US",41.8798,-87.6285
114.119.138.188,"Singapore, Singapore, SG",1.3557,103.8237
172.121.216.11,"Dallas, Texas, US",32.7831,-96.8067
172.70.142.223,"Singapore, Singapore, SG",1.2897,103.8501
165.227.62.247,"Santa Clara, California, US",37.3483,-121.9844
177.79.127.36,"Rio de Janeiro, Rio de Janeiro, BR",-22.9064,-43.1822
62.197.136.223,"Amsterdam, North Holland, NL",52.374,4.8897
143.110.239.2,"Santa Clara, California, US",37.3924,-121.9623
54.36.148.235,"Paris, Île-de-France, FR",48.8534,2.3488
3.90.111.101,"Ashburn, Virginia, US",39.0437,-77.4875
54.36.148.43,"Paris, Île-de-France, FR",48.8534,2.3488
168.205.161.212,"Yonkers, New York, US",40.9461,-73.8669
195.154.122.148,"Paris, Île-de-France, FR",48.8534,2.3488
128.1.248.26,"Los Angeles, California, US",34.0522,-118.2437
150.158.130.235,"Shanghai, Shanghai, CN",31.2222,121.4581
111.231.80.124,"Shanghai, Shanghai, CN",31.2222,121.4581
150.158.80.57,"Shanghai, Shanghai, CN",31.2222,121.4581
150.158.90.82,"Shanghai, Shanghai, CN",31.2222,121.4581
150.158.135.103,"Shanghai, Shanghai, CN",31.2222,121.4581
173.252.83.119,"Chicago, Illinois, US",41.85,-87.65
114.119.146.19,"Singapore, Singapore, SG",1.3557,103.8237
51.222.253.15,"Montréal, Quebec, CA",45.504,-73.5747
199.16.157.180,"Atlanta, Georgia, US",33.7718,-84.3757
199.16.157.183,"Atlanta, Georgia, US",33.7718,-84.3757
66.249.64.85,"Columbia, South Carolina, US",34.0007,-81.0348
66.249.64.86,"Columbia, South Carolina, US",34.0007,-81.0348
185.191.171.1,"Washington, Washington, D.C., US",38.8951,-77.0364
185.191.171.38,"Washington, Washington, D.C., US",38.8951,-77.0364
185.191.171.20,"Washington, Washington, D.C., US",38.8951,-77.0364
2.59.60.150,"Chicago, Illinois, US",41.85,-87.65
85.208.98.193,"Ashburn, Virginia, US",39.0437,-77.4875
85.208.98.197,"Ashburn, Virginia, US",39.0437,-77.4875
103.131.71.217,"Ho Chi Minh City, Ho Chi Minh, VN",10.823,106.6296
103.131.71.198,"Ho Chi Minh City, Ho Chi Minh, VN",10.823,106.6296
87.179.127.108,"Leipzig, Saxony, DE",51.3566,12.2643
3.237.89.204,"Ashburn, Virginia, US",39.0437,-77.4875
40.77.202.9,"Quincy, Washington, US",47.2343,-119.8525
138.201.197.246,"Meckenheim, North Rhine-Westphalia, DE",50.6239,7.0294
54.36.148.164,"Paris, Île-de-France, FR",48.8534,2.3488
103.131.71.126,"Ho Chi Minh City, Ho Chi Minh, VN",10.823,106.6296
103.131.71.231,"Ho Chi Minh City, Ho Chi Minh, VN",10.823,106.6296
128.14.141.34,"Los Angeles, California, US",34.0522,-118.2437
147.92.153.13,"Tokyo, Tokyo, JP",35.6895,139.6917
147.92.153.20,"Tokyo, Tokyo, JP",35.6895,139.6917
147.92.153.9,"Tokyo, Tokyo, JP",35.6895,139.6917
147.92.153.2,"Tokyo, Tokyo, JP",35.6895,139.6917
114.119.137.116,"Singapore, Singapore, SG",1.3557,103.8237
66.249.75.248,"Des Moines, Iowa, US",41.6005,-93.6091
66.249.75.252,"Des Moines, Iowa, US",41.6005,-93.6091
150.158.35.167,"Shanghai, Shanghai, CN",31.2222,121.4581
103.131.71.213,"Ho Chi Minh City, Ho Chi Minh, VN",10.823,106.6296
54.152.247.186,"Ashburn, Virginia, US",39.0437,-77.4875
51.222.253.13,"Montréal, Quebec, CA",45.504,-73.5747
23.239.26.38,"Richardson, Texas, US",32.9482,-96.7297
133.18.201.197,"Osaka, Ōsaka, JP",34.6937,135.5022
147.182.250.20,"Santa Clara, California, US",37.3924,-121.9623
152.118.231.242,"Jakarta, Jakarta, ID",-6.2146,106.8451
140.213.230.224,"Palembang, South Sumatra, ID",-2.9167,104.7458
40.94.85.14,"Johannesburg, Gauteng, ZA",-26.2023,28.0436
40.94.85.68,"Johannesburg, Gauteng, ZA",-26.2023,28.0436
40.94.85.67,"Johannesburg, Gauteng, ZA",-26.2023,28.0436
40.94.85.51,"Johannesburg, Gauteng, ZA",-26.2023,28.0436
40.94.85.98,"Johannesburg, Gauteng, ZA",-26.2023,28.0436
40.94.85.77,"Johannesburg, Gauteng, ZA",-26.2023,28.0436
66.249.75.250,"Des Moines, Iowa, US",41.6005,-93.6091
167.86.114.233,"Oberdorla, Thuringia, DE",51.1658,10.4216
78.62.181.149,"Vilnius, Vilnius, LT",54.6892,25.2798
158.129.173.102,"Vilnius, Vilnius, LT",54.6892,25.2798
23.95.237.101,"Stamford, Connecticut, US",41.0534,-73.5387
120.235.173.244,"Shenzhen, Guangdong, CN",22.5455,114.0683
66.249.73.181,"Tulsa, Oklahoma, US",36.154,-95.9928
114.119.143.152,"Singapore, Singapore, SG",1.3557,103.8237
54.36.149.44,"Roubaix, Hauts-de-France, FR",50.6942,3.1746
114.119.133.142,"Singapore, Singapore, SG",1.3557,103.8237
185.191.171.25,"Washington, Washington, D.C., US",38.8951,-77.0364
136.243.153.17,"Düsseldorf, North Rhine-Westphalia, DE",51.2217,6.7762
18.208.152.87,"Ashburn, Virginia, US",39.0437,-77.4875
3.224.220.101,"Ashburn, Virginia, US",39.0437,-77.4875
209.6.188.130,"Boston, Massachusetts, US",42.2739,-71.0939
66.249.73.177,"Tulsa, Oklahoma, US",36.154,-95.9928
66.249.73.179,"Tulsa, Oklahoma, US",36.154,-95.9928
54.81.149.254,"Ashburn, Virginia, US",39.0437,-77.4875
142.93.182.190,"Clifton, New Jersey, US",40.8344,-74.1377
185.191.171.7,"Washington, Washington, D.C., US",38.8951,-77.0364
185.191.171.5,"Washington, Washington, D.C., US",38.8951,-77.0364
152.118.231.210,"Jakarta, Jakarta, ID",-6.2146,106.8451
157.55.39.245,"Quincy, Washington, US",47.2343,-119.8525
40.77.189.94,"Chicago, Illinois, US",41.85,-87.65
40.77.188.199,"Chicago, Illinois, US",41.85,-87.65
40.77.188.5,"Chicago, Illinois, US",41.85,-87.65
40.77.188.72,"Chicago, Illinois, US",41.85,-87.65
40.77.188.254,"Chicago, Illinois, US",41.85,-87.65
20.87.33.208,"Johannesburg, Gauteng, ZA",-26.2023,28.0436
114.119.148.4,"Singapore, Singapore, SG",1.3557,103.8237
51.222.253.14,"Montréal, Quebec, CA",45.504,-73.5747
54.36.148.181,"Paris, Île-de-France, FR",48.8534,2.3488
23.229.104.2,"Los Angeles, California, US",34.0443,-118.2509
82.145.220.12,"Amsterdam, North Holland, NL",52.374,4.8897
40.77.167.48,"Boydton, Virginia, US",36.6676,-78.3875
66.249.73.250,"Tulsa, Oklahoma, US",36.154,-95.9928
66.249.73.248,"Tulsa, Oklahoma, US",36.154,-95.9928
52.91.1.127,"Ashburn, Virginia, US",39.0437,-77.4875
35.211.95.9,"North Charleston, South Carolina, US",32.8546,-79.9748
66.249.73.244,"Tulsa, Oklahoma, US",36.154,-95.9928
211.76.175.169,"Hsinchu, Taiwan, TW",24.8036,120.9686
54.36.148.24,"Paris, Île-de-France, FR",48.8534,2.3488
51.222.253.11,"Montréal, Quebec, CA",45.504,-73.5747
152.118.231.96,"Jakarta, Jakarta, ID",-6.2146,106.8451
173.249.55.218,"Oberdorla, Thuringia, DE",51.1658,10.4216
93.195.57.17,"Berlin, Berlin, DE",52.4799,13.4371
128.14.134.134,"Los Angeles, California, US",34.0522,-118.2437
79.201.117.195,"Northeim, Lower Saxony, DE",51.7066,10.0
94.181.152.224,"Penza, Penza, RU",53.2007,45.0046
84.17.47.124,"Amsterdam, North Holland, NL",52.371,4.9041
107.178.239.212,"Mountain View, California, US",37.4056,-122.0775
3.232.207.53,"Ashburn, Virginia, US",39.0437,-77.4875
52.7.99.72,"Ashburn, Virginia, US",39.0437,-77.4875
107.178.200.222,"Fremont, California, US",37.5483,-121.9886
107.178.231.255,"Mountain View, California, US",37.4056,-122.0775
196.189.6.201,"Addis Ababa, Addis Ababa, ET",9.025,38.7469
103.14.143.67,"Auckland, Auckland, NZ",-36.8485,174.7635
119.12.182.186,"San Francisco, California, US",37.7749,-122.4194
152.39.225.22,"Sugar Land, Texas, US",29.6197,-95.635
119.13.218.104,"San Francisco, California, US",37.7749,-122.4194
95.216.251.186,"Tuusula, Uusimaa, FI",60.354,24.9794
107.189.31.164,"Bissen, Mersch, LU",49.7873,6.0654
167.99.211.55,"Amsterdam, North Holland, NL",52.374,4.8897
136.243.228.178,"Kaiserslautern, Rheinland-Pfalz, DE",49.443,7.7716
138.201.195.79,"Haiger, Hesse, DE",50.7416,8.2078
66.249.73.252,"Tulsa, Oklahoma, US",36.154,-95.9928
18.232.102.210,"Ashburn, Virginia, US",39.0437,-77.4875
114.119.153.161,"Singapore, Singapore, SG",1.3557,103.8237
165.227.55.4,"Santa Clara, California, US",37.3483,-121.9844
40.77.167.97,"Boydton, Virginia, US",36.6676,-78.3875
82.145.211.216,"Amsterdam, North Holland, NL",52.374,4.8897
94.181.152.180,"Penza, Penza, RU",53.2007,45.0046
17.121.113.197,"Dearing, Kansas, US",37.0587,-95.7133
40.77.189.135,"Chicago, Illinois, US",41.85,-87.65
51.222.253.16,"Montréal, Quebec, CA",45.504,-73.5747
103.173.241.98,"Mumbai, Maharashtra, IN",19.0164,72.8294
46.30.132.239,"Helsinki, Uusimaa, FI",60.1695,24.9354
54.36.148.29,"Paris, Île-de-France, FR",48.8534,2.3488
17.121.113.31,"Dearing, Kansas, US",37.0587,-95.7133
54.36.148.136,"Paris, Île-de-France, FR",48.8534,2.3488
40.77.202.10,"Quincy, Washington, US",47.2343,-119.8525
114.119.153.138,"Singapore, Singapore, SG",1.3557,103.8237
185.191.171.10,"Washington, Washington, D.C., US",38.8951,-77.0364
44.200.166.183,"Ashburn, Virginia, US",39.0437,-77.4875
80.74.48.114,"Düsseldorf, North Rhine-Westphalia, DE",51.2217,6.7762
195.123.241.30,"Los Angeles, California, US",34.0522,-118.2437
114.119.136.185,"Singapore, Singapore, SG",1.3557,103.8237
207.46.13.152,"Quincy, Washington, US",47.2343,-119.8525
54.36.149.28,"Roubaix, Hauts-de-France, FR",50.6942,3.1746
94.181.160.29,"Penza, Penza, RU",53.2007,45.0046
150.158.98.11,"Shanghai, Shanghai, CN",31.2222,121.4581
100.26.250.108,"Ashburn, Virginia, US",39.0437,-77.4875
54.36.148.59,"Paris, Île-de-France, FR",48.8534,2.3488
94.181.152.98,"Penza, Penza, RU",53.2007,45.0046
66.249.65.187,"Tulsa, Oklahoma, US",36.154,-95.9928
66.249.65.189,"Tulsa, Oklahoma, US",36.154,-95.9928
64.124.8.41,"Phoenix, Arizona, US",33.4484,-112.074
94.181.164.24,"Penza, Penza, RU",53.2007,45.0046
84.17.47.122,"Amsterdam, North Holland, NL",52.371,4.9041
185.180.143.74,"Phoenix, Arizona, US",33.4484,-112.074
94.181.164.13,"Penza, Penza, RU",53.2007,45.0046
185.191.171.12,"Washington, Washington, D.C., US",38.8951,-77.0364
185.191.171.6,"Washington, Washington, D.C., US",38.8951,-77.0364
52.142.26.175,"Hampden Sydney, Virginia, US",37.3058,-78.5462
52.91.233.94,"Ashburn, Virginia, US",39.0437,-77.4875
150.158.130.136,"Shanghai, Shanghai, CN",31.2222,121.4581
192.99.7.106,"Montréal, Quebec, CA",45.5088,-73.5878
54.36.148.129,"Paris, Île-de-France, FR",48.8534,2.3488
150.158.149.19,"Shanghai, Shanghai, CN",31.2222,121.4581
120.229.31.45,"Shenzhen, Guangdong, CN",22.5455,114.0683
103.131.71.127,"Ho Chi Minh City, Ho Chi Minh, VN",10.823,106.6296
103.131.71.155,"Ho Chi Minh City, Ho Chi Minh, VN",10.823,106.6296
95.153.32.90,"Tallinn, Harjumaa, EE",59.437,24.7535
34.238.139.254,"Ashburn, Virginia, US",39.0437,-77.4875
185.191.171.42,"Washington, Washington, D.C., US",38.8951,-77.0364
173.252.83.13,"Chicago, Illinois, US",41.85,-87.65
150.158.135.69,"Shanghai, Shanghai, CN",31.2222,121.4581
66.249.65.185,"Tulsa, Oklahoma, US",36.154,-95.9928
209.126.151.117,"San Diego, California, US",32.7157,-117.1647
114.119.137.65,"Singapore, Singapore, SG",1.3557,103.8237
150.158.135.131,"Shanghai, Shanghai, CN",31.2222,121.4581
150.158.101.26,"Shanghai, Shanghai, CN",31.2222,121.4581
54.36.148.31,"Paris, Île-de-France, FR",48.8534,2.3488
157.46.64.120,"Tiruchirappalli, Tamil Nadu, IN",10.8155,78.6965
54.193.224.119,"San Jose, California, US",37.3394,-121.895
40.77.167.65,"Boydton, Virginia, US",36.6676,-78.3875
172.121.208.252,"Dallas, Texas, US",32.7831,-96.8067
95.165.150.52,"Moscow, Moscow, RU",55.7522,37.6156
10.119.213.53,,,
64.124.8.33,"Phoenix, Arizona, US",33.4484,-112.074
64.124.8.27,"Phoenix, Arizona, US",33.4484,-112.074
185.191.171.13,"Washington, Washington, D.C., US",38.8951,-77.0364
185.191.171.44,"Washington, Washington, D.C., US",38.8951,-77.0364
185.191.171.41,"Washington, Washington, D.C., US",38.8951,-77.0364
54.227.127.62,"Ashburn, Virginia, US",39.0437,-77.4875
104.143.88.228,"Dallas, Texas, US",32.7831,-96.8067
18.205.157.43,"Ashburn, Virginia, US",39.0437,-77.4875
104.200.76.100,"Ashburn, Virginia, US",39.0437,-77.4875
94.232.43.93,"Soestduinen, Utrecht, NL",52.1458,5.3
66.249.65.179,"Tulsa, Oklahoma, US",36.154,-95.9928
180.94.34.95,"Allahābād, Uttar Pradesh, IN",25.4448,81.8432
94.181.152.219,"Penza, Penza, RU",53.2007,45.0046
54.36.148.143,"Paris, Île-de-France, FR",48.8534,2.3488
120.229.31.88,"Shenzhen, Guangdong, CN",22.5455,114.0683
18.232.55.191,"Ashburn, Virginia, US",39.0437,-77.4875
128.14.133.50,"Los Angeles, California, US",34.0522,-118.2437
185.191.171.39,"Washington, Washington, D.C., US",38.8951,-77.0364
114.119.135.158,"Singapore, Singapore, SG",1.3557,103.8237
114.119.140.14,"Singapore, Singapore, SG",1.3557,103.8237
36.71.230.192,"Bandung, West Java, ID",-6.9222,107.6069
5.45.94.172,"Zwolle, Overijssel, NL",52.5538,6.1537
207.46.13.153,"Quincy, Washington, US",47.2343,-119.8525
40.77.190.17,"Chicago, Illinois, US",41.85,-87.65
147.92.153.18,"Tokyo, Tokyo, JP",35.6895,139.6917
147.92.153.14,"Tokyo, Tokyo, JP",35.6895,139.6917
147.92.153.7,"Tokyo, Tokyo, JP",35.6895,139.6917
200.68.11.18,"Santiago, Santiago Metropolitan, CL",-33.4593,-70.6003
197.184.177.146,"Soweto, Gauteng, ZA",-26.3567,27.8333
164.153.60.220,"Greenwood, South Carolina, US",34.1758,-82.1562
107.178.200.215,"Fremont, California, US",37.5483,-121.9886
107.178.239.203,"Mountain View, California, US",37.4056,-122.0775
107.178.232.227,"Dearing, Kansas, US",37.0587,-95.7133
35.213.223.219,"Sydney, New South Wales, AU",-33.8678,151.2073
52.87.36.88,"Ashburn, Virginia, US",39.0437,-77.4875
159.223.49.158,"Singapore, Singapore, SG",1.3215,103.6957
50.116.23.155,"Richardson, Texas, US",32.9482,-96.7297
150.158.147.58,"Shanghai, Shanghai, CN",31.2222,121.4581
162.221.192.26,"Dallas, Texas, US",32.7831,-96.8067
51.222.253.6,"Montréal, Quebec, CA",45.504,-73.5747
142.202.189.86,"Los Angeles, California, US",34.0522,-118.2437
17.121.112.10,"Dearing, Kansas, US",37.0587,-95.7133
173.252.111.117,"New Albany, Ohio, US",40.0812,-82.8088
17.121.115.246,"Dearing, Kansas, US",37.0587,-95.7133
114.119.141.79,"Singapore, Singapore, SG",1.3557,103.8237
54.36.148.139,"Paris, Île-de-France, FR",48.8534,2.3488
17.121.113.24,"Dearing, Kansas, US",37.0587,-95.7133
20.191.45.212,"Dublin, Leinster, IE",53.3331,-6.2489
212.193.0.9,"Amsterdam, North Holland, NL",52.374,4.8897
54.161.141.50,"Ashburn, Virginia, US",39.0437,-77.4875
157.55.39.105,"Quincy, Washington, US",47.2343,-119.8525
40.77.139.112,"Chicago, Illinois, US",41.85,-87.65
40.77.167.104,"Boydton, Virginia, US",36.6676,-78.3875
140.82.61.166,"New York City, New York, US",40.7143,-74.006
66.249.66.27,"Greensboro, North Carolina, US",36.0726,-79.792
163.172.240.97,"Paris, Île-de-France, FR",48.8534,2.3488
114.119.142.207,"Singapore, Singapore, SG",1.3557,103.8237
87.249.38.253,"Saint Petersburg, St.-Petersburg, RU",59.9386,30.3141
44.200.10.51,"Ashburn, Virginia, US",39.0437,-77.4875
152.39.190.86,"New Hope, Alabama, US",34.5371,-86.3943
213.188.77.183,"San Francisco, California, US",37.7749,-122.4194
150.158.139.252,"Shanghai, Shanghai, CN",31.2222,121.4581
150.158.101.25,"Shanghai, Shanghai, CN",31.2222,121.4581
54.36.149.15,"Roubaix, Hauts-de-France, FR",50.6942,3.1746
150.158.80.213,"Shanghai, Shanghai, CN",31.2222,121.4581
150.158.82.233,"Shanghai, Shanghai, CN",31.2222,121.4581
143.198.238.87,"Santa Clara, California, US",37.3924,-121.9623
66.249.73.91,"Tulsa, Oklahoma, US",36.154,-95.9928
66.249.73.89,"Tulsa, Oklahoma, US",36.154,-95.9928
192.133.77.18,"Newburgh, New York, US",41.5372,-74.0526
114.119.140.13,"Singapore, Singapore, SG",1.3557,103.8237
150.158.95.48,"Shanghai, Shanghai, CN",31.2222,121.4581
121.4.34.106,"Beijing, Beijing, CN",39.9075,116.3972
74.104.148.195,"Somerville, Massachusetts, US",42.4003,-71.1221
157.55.39.205,"Quincy, Washington, US",47.2343,-119.8525
44.200.122.107,"Ashburn, Virginia, US",39.0437,-77.4875
3.89.55.176,"Ashburn, Virginia, US",39.0437,-77.4875
150.158.85.33,"Shanghai, Shanghai, CN",31.2222,121.4581
159.89.33.54,"Clifton, New Jersey, US",40.8344,-74.1377
71.6.167.124,"San Diego, California, US",32.7157,-117.1647
193.118.53.194,"Amsterdam, North Holland, NL",52.374,4.8897
125.209.235.167,"Seoul, Seoul, KR",37.566,126.9784
114.111.32.193,"Seoul, Seoul, KR",37.566,126.9784
125.209.235.171,"Seoul, Seoul, KR",37.566,126.9784
125.209.235.179,"Seoul, Seoul, KR",37.566,126.9784
125.209.235.180,"Seoul, Seoul, KR",37.566,126.9784
125.209.235.174,"Seoul, Seoul, KR",37.566,126.9784
125.209.235.175,"Seoul, Seoul, KR",37.566,126.9784
125.209.235.176,"Seoul, Seoul, KR",37.566,126.9784
211.249.46.85,"Seoul, Seoul, KR",37.566,126.9784
110.93.150.172,"Seoul, Seoul, KR",37.566,126.9784
211.249.46.210,"Seoul, Seoul, KR",37.566,126.9784
114.111.32.152,"Seoul, Seoul, KR",37.566,126.9784
211.249.46.160,"Seoul, Seoul, KR",37.566,126.9784
114.111.32.143,"Seoul, Seoul, KR",37.566,126.9784
211.249.46.170,"Seoul, Seoul, KR",37.566,126.9784
114.111.32.117,"Seoul, Seoul, KR",37.566,126.9784
114.111.32.215,"Seoul, Seoul, KR",37.566,126.9784
150.158.136.35,"Shanghai, Shanghai, CN",31.2222,121.4581
114.119.147.237,"Singapore, Singapore, SG",1.3557,103.8237
54.36.149.24,"Roubaix, Hauts-de-France, FR",50.6942,3.1746
207.46.13.213,"Quincy, Washington, US",47.2343,-119.8525
142.44.167.43,"Montréal, Quebec, CA",45.504,-73.5747
173.255.251.4,"Fremont, California, US",37.5483,-121.9886
66.249.73.93,"Tulsa, Oklahoma, US",36.154,-95.9928
44.199.188.94,"Ashburn, Virginia, US",39.0437,-77.4875
31.13.127.120,"Dublin, Leinster, IE",53.3331,-6.2489
23.252.53.254,"Seattle, Washington, US",47.6151,-122.3447
103.131.71.234,"Ho Chi Minh City, Ho Chi Minh, VN",10.823,106.6296
103.131.71.137,"Ho Chi Minh City, Ho Chi Minh, VN",10.823,106.6296
147.135.206.116,"Gravelines, Hauts-de-France, FR",50.9865,2.1281
207.244.253.21,"Rushville, Illinois, US",40.1212,-90.5632
182.160.97.210,"Dhaka, Dhaka, BD",23.7104,90.4074
66.249.65.123,"Tulsa, Oklahoma, US",36.154,-95.9928
66.249.65.121,"Tulsa, Oklahoma, US",36.154,-95.9928
46.35.252.130,"Taman’, Krasnodarskiy, RU",45.2117,36.7161
87.160.219.208,"Freinsheim, Rheinland-Pfalz, DE",49.5065,8.2119
114.119.136.111,"Singapore, Singapore, SG",1.3557,103.8237
69.43.88.101,"Boston, Massachusetts, US",42.3471,-71.1027
40.77.202.46,"Quincy, Washington, US",47.2343,-119.8525
107.22.96.169,"Ashburn, Virginia, US",39.0437,-77.4875
93.158.161.6,"Moscow, Moscow, RU",55.7522,37.6156
93.158.161.60,"Moscow, Moscow, RU",55.7522,37.6156
77.88.5.34,"Helsinki, Uusimaa, FI",60.1695,24.9354
40.77.202.57,"Quincy, Washington, US",47.2343,-119.8525
65.108.79.171,"Helsinki, Uusimaa, FI",60.1695,24.9354
173.249.14.32,"Nürnberg, Bavaria, DE",49.4075,11.1649
182.1.107.202,"Surabaya, East Java, ID",-7.2492,112.7508
72.107.134.115,"Lincoln Park, Michigan, US",42.2506,-83.1785
40.77.202.82,"Quincy, Washington, US",47.2343,-119.8525
40.77.188.245,"Chicago, Illinois, US",41.85,-87.65
54.36.148.51,"Paris, Île-de-France, FR",48.8534,2.3488
40.77.190.236,"Chicago, Illinois, US",41.85,-87.65
134.58.179.241,"Leuven, Flanders, BE",50.8796,4.7009
18.207.2.241,"Ashburn, Virginia, US",39.0437,-77.4875
114.119.152.27,"Singapore, Singapore, SG",1.3557,103.8237
54.36.149.64,"Roubaix, Hauts-de-France, FR",50.6942,3.1746
73.71.69.171,"Concord, California, US",37.978,-122.0311
148.64.7.44,"Mumbai, Maharashtra, IN",19.0728,72.8826
111.231.80.210,"Shenzhen, Guangdong, CN",22.5455,114.0683
5.161.52.3,"Ashburn, Virginia, US",39.0437,-77.4875
147.78.47.233,"Amsterdam, North Holland, NL",52.374,4.8897
45.146.26.88,"Los Angeles, California, US",34.0522,-118.2437
120.235.173.52,"Shenzhen, Guangdong, CN",22.5455,114.0683
51.158.108.61,"Paris, Île-de-France, FR",48.8534,2.3488
17.121.112.23,"Dearing, Kansas, US",37.0587,-95.7133
207.244.224.209,"St. Louis, Missouri, US",38.6273,-90.1979
54.221.184.6,"Ashburn, Virginia, US",39.0437,-77.4875
