uuid,ip,location,City,State/Region,Country,Continent
19a418d29fc4a8cf3fe6c4761cf38151,145.255.74.252,"Muscat, Muscat, OM",Muscat,Muscat,Oman,Asia
9b809c212cd12a0b0b85baafc6cb3183,207.46.13.151,"Quincy, Washington, US",Quincy,Washington,United States,North America
cc1b05e1e3e851a6a07499fade4000de,14.139.61.232,"Nāngloi Jāt, Delhi, IN",Nāngloi Jāt,Delhi,India,Asia
b4b415d0b43047b84b1fa5d8de9ff04e,14.139.45.242,"Delhi, Delhi, IN",Delhi,Delhi,India,Asia
f09686a135dbd9a5380a5057fed51a9f,146.232.173.49,"Stellenbosch, Western Cape, ZA",Stellenbosch,Western Cape,South Africa,Africa
a39ad87c9ed3e4a215dae07bd9d2f0d7,40.77.167.28,"Boydton, Virginia, US",Boydton,Virginia,United States,North America
3f8d4e743556559eaf9c81df0c50c05f,87.179.127.108,"Leipzig, Saxony, DE",Leipzig,Saxony,Germany,Europe
1036c80a228a9dbbd905f2474f1d666a,152.118.231.242,"Jakarta, Jakarta, ID",Jakarta,Jakarta,Indonesia,Asia
bad1668f507742b459674d17134cb48d,146.232.173.49,"Stellenbosch, Western Cape, ZA",Stellenbosch,Western Cape,South Africa,Africa
bad1668f507742b459674d17134cb48d,40.94.85.14,"Johannesburg, Gauteng, ZA",Johannesburg,Gauteng,South Africa,Africa
1036c80a228a9dbbd905f2474f1d666a,152.118.231.210,"Jakarta, Jakarta, ID",Jakarta,Jakarta,Indonesia,Asia
e5ed64bec7fa1d43d78c8acf8cfe614f,146.232.173.49,"Stellenbosch, Western Cape, ZA",Stellenbosch,Western Cape,South Africa,Africa
e5ed64bec7fa1d43d78c8acf8cfe614f,20.87.33.208,"Johannesburg, Gauteng, ZA",Johannesburg,Gauteng,South Africa,Africa
6637a3379b35572d8e592ee862052cb6,79.201.117.195,"Northeim, Lower Saxony, DE",Northeim,Lower Saxony,Germany,Europe
9fd46a1201d4bda4c147d4cdafd06128,145.255.74.252,"Muscat, Muscat, OM",Muscat,Muscat,Oman,Asia
74b837ed9c9ca5d2e7ab9634c7d0887d,145.255.74.252,"Muscat, Muscat, OM",Muscat,Muscat,Oman,Asia
bc582759d5e8f738e6054693b6137d45,46.30.132.239,"Helsinki, Uusimaa, FI",Helsinki,Uusimaa,Finland,Europe
3080fc3818ef4b41fa0ea71c198c1bac,145.255.74.252,"Muscat, Muscat, OM",Muscat,Muscat,Oman,Asia
bc582759d5e8f738e6054693b6137d45,209.6.188.130,"Boston, Massachusetts, US",Boston,Massachusetts,United States,North America
4b79681f5b33486fc69646f8e078f5e8,46.30.132.239,"Helsinki, Uusimaa, FI",Helsinki,Uusimaa,Finland,Europe
ee5c533e80721e0c3f97762fd139719d,185.191.171.19,"Washington, D.C., US",Washington,D.C.,United States,North America
ee5c533e80721e0c3f97762fd139719d,185.191.171.44,"Washington, D.C., US",Washington,D.C.,United States,North America
0136bbca05e73846b325a0397bbb796e,180.94.34.95,"Allahābād, Uttar Pradesh, IN",Allahābād,Uttar Pradesh,India,Asia
356e4a4a294a63227feea9fabcf85a41,145.255.74.252,"Muscat, Muscat, OM",Muscat,Muscat,Oman,Asia
1f853f3463e880b26d796b9f7b0f85ec,145.255.74.252,"Muscat, Muscat, OM",Muscat,Muscat,Oman,Asia
81c5664135463aa7a3a566c26a11f540,145.255.74.252,"Muscat, Muscat, OM",Muscat,Muscat,Oman,Asia
629c20fa6465605ed3cf7bb89277991a,157.55.39.105,"Quincy, Washington, US",Quincy,Washington,United States,North America
81c5664135463aa7a3a566c26a11f540,69.43.88.101,"Boston, Massachusetts, US",Boston,Massachusetts,United States,North America
620f23d11bc75b255a859e8458a5ef20,157.55.39.105,"Quincy, Washington, US",Quincy,Washington,United States,North America
31eed51a42b4906e0f2ede82e0b46072,134.58.179.241,"Leuven, Flanders, BE",Leuven,Flanders,Belgium,Europe
07dff4bb1c59eb525c653562cd8d4ba2,40.77.167.65,"Boydton, Virginia, US",Boydton,Virginia,United States,North America
